row_id,EC,TP,Lat
1,0.048494,34.668228,7.179169
2,0.028494,16.784149,4.749330
3,0.026507,12.464573,6.836743
4,0.020258,30.732856,3.784892
5,0.010403,27.666888,6.455820
6,0.020992,25.430470,5.713826
7,0.014376,13.899522,1.220322
8,0.036393,21.962403,8.116326
9,0.022763,29.513901,1.107080
10,0.040687,17.590598,3.638403
11,0.018277,17.792246,1.053317
12,0.046009,10.078523,4.385813
13,0.030919,14.356085,1.568445
14,0.014580,31.885141,9.221599
15,0.026034,21.043662,4.741114
16,0.018270,34.605862,5.135462
17,0.017987,19.892699,4.148652
18,0.030255,27.879661,6.647555
19,0.036876,17.047976,8.059673
20,0.046465,19.095241,6.833321
21,0.030086,14.768150,7.733864
22,0.048634,18.676559,9.153763
23,0.047665,23.680938,8.771919
24,0.044603,34.794322,7.066526
25,0.029999,26.605043,2.931742
26,0.015636,14.981149,6.739326
27,0.018716,11.124036,5.554748
28,0.035907,13.158912,7.454973
29,0.026870,24.063880,8.496385
30,0.015872,29.129008,7.684493
31,0.029160,33.510480,8.619051
32,0.010697,10.395579,1.574797
33,0.039356,23.069004,1.284580
34,0.012943,21.771684,3.326505
35,0.035165,26.401376,9.105995
36,0.041720,23.989471,8.412933
37,0.015306,27.175979,7.144546
38,0.030746,26.452065,7.306828
39,0.041163,12.925293,7.540034
40,0.020425,29.992948,9.483424
41,0.016517,13.080814,8.489720
42,0.023473,27.463266,6.610513
43,0.032188,20.403634,6.991439
44,0.033011,22.846268,2.923662
45,0.015235,32.582450,6.915869
46,0.028303,32.247093,4.822111
47,0.020731,30.446408,2.376657
48,0.043681,22.753710,8.257625
49,0.022543,28.405995,5.592224
50,0.043548,22.822426,9.796825
51,0.027143,31.740152,3.535114
52,0.039063,20.069396,5.326031
53,0.030402,34.255884,5.031959
54,0.034879,33.308069,2.087016
55,0.025814,28.540065,4.835038
56,0.040728,16.985397,3.587981
57,0.027008,13.291340,2.442884
58,0.028298,31.367586,3.539400
59,0.030707,14.132557,3.099265
60,0.043273,31.356520,7.606662
61,0.036375,22.269125,1.276977
62,0.023966,20.163920,6.557165
63,0.036813,32.579769,7.845952
64,0.035697,25.096275,5.326511
65,0.047241,24.415350,9.384085
66,0.043657,23.969149,7.370926
67,0.035898,19.279238,7.731313
68,0.023660,29.641078,2.772401
69,0.041183,16.319961,7.995660
70,0.033008,33.472374,8.488853
71,0.049411,32.349630,4.251397
72,0.019900,18.437008,2.920268
73,0.013186,28.236594,4.465456
74,0.012796,24.330580,7.656472
75,0.035601,18.441233,4.758751
76,0.047570,34.713041,7.629867
77,0.010077,10.630934,2.022081
78,0.039031,16.316151,8.254105
79,0.036283,23.001852,3.278867
80,0.039292,23.048825,3.240361
81,0.024216,24.723327,6.313429
82,0.042820,28.791904,1.631062
83,0.011788,25.586946,1.236680
84,0.040217,25.007037,3.349258
85,0.020683,11.337862,5.842608
86,0.029074,19.413257,9.168547
87,0.042905,15.801393,8.617917
88,0.020854,16.634253,5.414018
89,0.017408,23.858437,1.333468
90,0.037253,14.987633,5.817275
91,0.031336,17.348728,7.343160
92,0.030576,15.927118,4.052481
93,0.020271,33.712574,1.999570
94,0.011395,33.616643,3.507112
95,0.026411,25.248539,7.944300
96,0.014262,33.113062,4.161194
97,0.046240,29.645316,8.307833
98,0.011650,24.748697,3.875693
99,0.027266,10.160880,2.471995
100,0.012090,29.312907,4.922635
101,0.013822,27.562209,5.070471
102,0.036355,25.381341,1.144974
103,0.035884,29.010608,2.053406
104,0.011322,22.823054,2.664334
105,0.010045,27.602082,2.022286
106,0.013153,33.379302,4.073735
107,0.040520,19.395125,9.681606
108,0.033383,27.703046,5.583003
109,0.011525,21.892195,6.648004
110,0.029524,26.859991,4.207478
111,0.038481,29.072333,3.911390
112,0.044758,11.136313,1.208321
113,0.047361,26.165011,5.503003
114,0.023098,15.668530,5.352481
115,0.015433,26.750813,2.420477
116,0.019477,21.708255,7.878916
117,0.041047,29.338819,5.434069
118,0.048859,13.085020,4.050946
119,0.028656,25.658059,2.322180
120,0.022214,16.961768,5.969447
121,0.027168,31.324550,7.775353
122,0.022193,33.209588,3.537994
123,0.020260,34.909957,2.969149
124,0.033750,29.900185,5.697415
125,0.010629,28.843352,2.398090
126,0.020382,15.387519,6.999520
127,0.036455,18.400176,6.448093
128,0.011283,21.642064,1.783738
129,0.013328,29.334526,1.328683
130,0.021736,32.874147,6.582598
131,0.045112,14.728478,3.648644
132,0.040595,33.059187,1.778012
133,0.010886,27.390616,7.834858
134,0.030069,25.269268,3.826396
135,0.020987,14.996032,5.136396
136,0.035946,11.388126,3.131316
137,0.038862,24.211622,6.645854
138,0.044515,26.287892,3.713396
139,0.029017,15.269536,9.712189
140,0.049778,23.911405,7.326528
141,0.049199,31.412335,2.230500
142,0.045287,30.876649,4.750254
143,0.032995,33.183880,4.468790
144,0.025920,19.147145,5.808224
145,0.024575,17.951239,8.577376
146,0.010485,28.735650,6.250798
147,0.019967,20.777810,1.554010
148,0.038752,12.188717,6.898741
149,0.034145,17.070028,1.074388
150,0.046657,20.464557,8.019644
151,0.012001,17.312911,6.999725
152,0.016211,18.305139,3.779071
153,0.041570,17.344398,3.631976
154,0.024340,11.037479,8.184457
155,0.014734,25.927368,8.050030
156,0.049858,24.932311,4.170721
157,0.041490,26.334587,3.690530
158,0.026350,14.807747,6.038423
159,0.042934,17.391364,1.075291
160,0.037224,25.490398,1.744003
161,0.041599,24.990689,2.135526
162,0.042608,22.658258,2.668706
163,0.013389,18.760331,5.608163
164,0.034919,32.823275,9.930177
165,0.010271,18.494256,6.873521
166,0.011738,21.390479,1.551689
167,0.046159,26.952846,5.730214
168,0.031103,23.575536,5.469807
169,0.039436,18.672149,2.297510
170,0.043540,20.891120,9.282451
171,0.047983,29.862020,4.966887
172,0.044774,16.953229,9.951032
173,0.029332,13.556381,4.780651
174,0.023439,17.829080,6.471619
175,0.016180,31.238355,1.942863
176,0.026013,12.224743,5.088050
177,0.024660,34.792402,3.148893
178,0.032383,23.525072,8.520083
179,0.036620,34.621144,8.055276
180,0.049133,33.474911,8.417620
181,0.039135,21.320343,7.512485
182,0.035750,14.962277,8.494149
183,0.023404,14.122119,2.807459
184,0.011380,15.999734,5.068394
185,0.021525,27.753316,7.226622
186,0.040738,16.823750,6.736532
187,0.018211,18.535632,7.447190
188,0.038488,21.219470,3.018325
189,0.033191,32.830817,1.885912
190,0.016874,14.734835,9.251259
191,0.020465,10.125664,6.041547
192,0.029852,11.502410,2.384433
193,0.026735,32.619159,8.140929
194,0.041143,26.187912,9.234369
195,0.039376,16.826015,2.526072
196,0.032983,14.429813,8.356712
197,0.042891,17.356668,9.399026
198,0.032507,12.869923,9.445254
199,0.048576,33.538323,9.227408
200,0.018689,29.605154,5.917789
201,0.038565,21.559779,4.205902
202,0.024798,31.624065,1.065455
203,0.021159,16.236455,1.548210
204,0.017215,27.928014,4.859551
205,0.032100,31.403312,4.593935
206,0.018619,18.919218,2.662425
207,0.018014,28.936611,4.559320
208,0.049621,17.376809,2.571851
209,0.042070,17.471428,8.639121
210,0.039931,12.676429,3.683754
211,0.041762,21.001451,6.387079
212,0.048757,28.242798,5.525588
213,0.032931,33.505520,1.466939
214,0.018810,25.094925,9.480103
215,0.044488,31.578388,5.745034
216,0.039709,30.562366,3.925519
217,0.026572,14.333576,2.423139
218,0.028943,22.145436,4.046740
219,0.026450,12.923088,1.184604
220,0.047198,27.053829,4.272023
221,0.023741,33.747492,5.783373
222,0.048539,13.427236,8.846796
223,0.046411,28.347078,7.186370
224,0.035221,25.805954,2.004241
225,0.033193,24.590126,2.329717
226,0.024804,19.753006,4.853110
227,0.010734,18.878291,2.761370
228,0.015105,11.131230,1.250648
229,0.040169,15.447718,8.245134
230,0.028862,10.379422,1.175703
231,0.015994,24.535428,8.476206
232,0.020558,12.646331,2.296936
233,0.047913,31.825485,9.772106
234,0.024685,23.078576,6.434865
235,0.046307,27.492248,7.614847
236,0.022185,20.271427,1.994353
237,0.031729,24.014495,8.758937
238,0.010819,33.566479,8.552731
239,0.030875,12.068351,6.876935
240,0.035478,16.348444,5.520474
241,0.019372,29.499708,7.493403
242,0.033157,12.468430,1.053354
243,0.035887,11.891528,6.331967
244,0.037475,19.038535,8.626655
245,0.041056,12.304199,4.212099
246,0.022454,24.626961,1.974604
247,0.032711,15.656881,4.787895
248,0.049263,32.392449,7.543940
249,0.045926,29.587502,1.965711
250,0.048107,27.492630,2.854437
251,0.025445,25.423601,2.327967
252,0.041477,31.586643,8.172530
253,0.034796,15.576552,1.566034
254,0.013309,31.827721,7.179279
255,0.042959,29.737307,4.298112
256,0.037084,28.704021,7.802121
257,0.017957,24.031392,9.679451
258,0.013190,16.156104,2.030908
259,0.043481,20.588698,3.829465
260,0.013156,29.839266,8.291129
261,0.013654,10.794462,3.395425
262,0.027096,29.551269,2.936085
263,0.015392,16.001769,8.428402
264,0.046547,13.607730,9.883741
265,0.028811,12.892533,6.011925
266,0.032766,10.681250,3.502439
267,0.047124,23.089662,4.587094
268,0.031211,15.456497,2.531173
269,0.024144,34.735794,7.856986
270,0.041886,24.360919,7.961266
271,0.027714,13.447132,8.876089
272,0.022739,27.219064,1.239423
273,0.038929,32.443589,6.057832
274,0.042064,28.629487,2.928299
275,0.041669,11.910997,4.067947
276,0.049107,32.397105,8.064601
277,0.041467,29.848235,2.728303
278,0.040797,13.957598,6.745076
279,0.044299,11.294647,6.891096
280,0.010007,23.932764,9.586845
281,0.024497,13.900895,7.976448
282,0.039504,30.864774,8.232716
283,0.033989,18.958366,5.784407
284,0.017103,32.822311,2.681027
285,0.022149,24.142204,4.830070
286,0.023472,14.566810,5.945406
287,0.032713,13.489972,7.105773
288,0.043264,24.411811,6.469382
289,0.047300,29.047090,4.545800
290,0.040004,29.537641,3.387818
291,0.043718,16.893935,2.514078
292,0.028804,15.106169,7.244608
293,0.025591,10.418908,6.808588
294,0.025708,26.979979,7.186352
295,0.034642,11.914206,4.352747
296,0.014969,20.519030,3.361670
297,0.033180,25.042054,7.837492
298,0.036605,33.427724,7.962827
299,0.027556,17.795053,5.100547
300,0.048127,16.244304,6.507137
301,0.034329,26.354004,4.361677
302,0.018800,25.480976,7.317525
303,0.029169,18.302745,8.521494
304,0.037016,33.202546,7.194099
305,0.022945,31.121558,5.613244
306,0.013186,15.599564,5.127922
307,0.033337,15.978564,6.780877
308,0.047915,22.807509,7.118298
309,0.029403,29.339303,6.028565
310,0.046244,11.101009,6.624480
311,0.043401,27.333379,1.869298
312,0.015897,26.205897,9.565890
313,0.038327,15.787002,8.116958
314,0.027419,27.033825,4.365351
315,0.020010,33.504580,6.065313
316,0.037478,11.169646,1.425921
317,0.039706,17.991301,1.371050
318,0.017196,20.954418,3.257185
319,0.046578,32.481509,7.207315
320,0.040046,34.056536,8.669330
321,0.047335,21.102881,6.032673
322,0.022683,28.750710,5.789195
323,0.047573,23.291526,4.620786
324,0.024741,23.444573,2.454382
325,0.012159,16.952488,2.065187
326,0.040519,15.423906,7.846118
327,0.038140,17.200134,9.347532
328,0.033916,23.908200,5.124549
329,0.029596,10.728880,6.935011
330,0.011287,32.681224,9.230119
331,0.034984,13.907093,1.811023
332,0.026673,15.502217,7.934333
333,0.032408,22.956904,6.551352
334,0.027173,27.752869,6.387735
335,0.048642,12.393226,3.632864
336,0.034164,17.942367,7.155040
337,0.039969,34.216865,8.153180
338,0.047454,16.558574,2.015723
339,0.033664,17.826254,5.801693
340,0.010483,30.912462,1.911387
341,0.011372,11.255361,8.853166
342,0.038094,21.615329,5.568731
343,0.021163,19.490419,8.271691
344,0.033175,17.914669,4.312771
345,0.018091,17.142490,2.125704
346,0.020810,12.284353,1.373494
347,0.030186,17.870646,3.533587
348,0.049023,11.076310,3.198103
349,0.034651,29.524097,6.043168
350,0.047446,19.955695,1.195650
351,0.048375,21.097596,5.685135
352,0.018324,32.339865,4.525946
353,0.022448,26.451375,6.194100
354,0.040800,10.201478,7.321758
355,0.044671,33.579371,6.706828
356,0.030769,15.928612,9.861799
357,0.049729,12.690355,2.244388
358,0.010463,29.203204,4.867633
359,0.021984,22.511933,4.823477
360,0.034926,20.844264,4.753479
361,0.028772,16.237577,6.974186
362,0.014664,23.686787,5.408453
363,0.024711,16.859615,5.656893
364,0.011018,32.539575,4.891204
365,0.035710,15.380112,9.925295
366,0.045710,32.108879,9.348052
367,0.045395,23.985136,3.769518
368,0.037982,30.712203,2.004345
369,0.028631,27.821150,8.557883
370,0.030481,27.417378,9.974532
371,0.015477,18.108645,3.633480
372,0.023641,15.847423,4.220064
373,0.017509,15.272156,9.474699
374,0.042848,31.429791,7.400166
375,0.046590,30.510671,3.660745
376,0.031477,21.014338,6.229418
377,0.039111,13.310115,9.498066
378,0.014859,19.556306,8.306318
379,0.034341,25.483586,7.676494
380,0.038112,21.360079,7.632967
381,0.028111,29.504732,2.602183
382,0.019731,34.940571,8.422131
383,0.045095,14.778302,3.485068
384,0.039716,21.491270,9.373300
385,0.045994,20.774598,4.281760
386,0.042736,17.612313,8.718944
387,0.049615,14.952388,3.396101
388,0.017687,11.642303,5.630742
389,0.013470,32.177983,1.961968
390,0.023480,20.496217,6.941070
391,0.015160,22.422388,8.524713
392,0.030925,32.923551,7.466026
393,0.035321,29.407262,5.709327
394,0.033132,13.262532,1.406043
395,0.020370,24.135499,9.400969
396,0.046353,21.056307,7.349406
397,0.010847,29.930277,7.712778
398,0.023921,28.105814,8.152125
399,0.038760,27.260143,7.729691
400,0.040677,18.513621,4.970045
401,0.026645,30.124093,7.602596
402,0.010676,11.309782,6.625241
403,0.034722,13.990623,8.686147
404,0.012524,18.390582,8.222138
405,0.014314,11.920186,1.372369
406,0.036010,15.874857,4.409984
407,0.022500,30.753775,1.312445
408,0.023921,33.706288,1.918674
409,0.029472,17.615059,6.412696
410,0.049143,16.612895,8.864396
411,0.048618,16.997316,2.078423
412,0.026650,16.942977,5.059804
413,0.020620,10.898255,9.197910
414,0.022104,33.172909,8.328709
415,0.020751,15.342454,5.677011
416,0.031290,20.500102,7.944143
417,0.034274,10.242172,5.704244
418,0.029551,31.448877,2.422831
419,0.026320,28.278934,2.122625
420,0.018451,33.668901,2.695314
421,0.029300,29.540387,4.158299
422,0.023644,17.842663,9.374763
423,0.031664,16.196834,8.197106
424,0.037008,27.442908,4.895214
425,0.035332,19.102819,5.437690
426,0.028500,24.155375,3.390485
427,0.032242,10.156437,7.339177
428,0.021394,11.547143,8.224891
429,0.010970,23.384199,3.150142
430,0.035001,24.151791,1.376395
431,0.020103,28.786324,6.615000
432,0.036758,13.299133,6.062609
433,0.039880,22.829577,4.619180
434,0.046637,14.861191,6.795045
435,0.048325,12.329903,5.955520
436,0.010421,20.262395,3.255234
437,0.049615,14.083416,4.579561
438,0.037321,15.544549,4.853022
439,0.035741,17.938864,8.922232
440,0.010609,16.484710,9.648137
441,0.044449,12.189782,9.037012
442,0.015820,12.247906,7.472602
443,0.043493,14.831235,6.264935
444,0.010623,11.263980,7.203355
445,0.035839,25.661425,9.451983
446,0.027392,17.183168,3.249989
447,0.018031,16.993649,5.816085
448,0.014302,18.299957,7.206472
449,0.027605,26.569907,7.113223
450,0.014932,31.765847,3.270511
451,0.029458,28.977173,6.280584
452,0.035009,28.188231,8.163218
453,0.043095,22.109780,5.275711
454,0.037146,27.345139,8.139683
455,0.012608,23.819059,4.238943
456,0.022297,15.406263,9.448841
457,0.021519,15.214709,5.805356
458,0.046601,17.409800,6.363532
459,0.044711,32.770067,1.282254
460,0.024806,23.685371,2.532422
461,0.012846,28.347634,6.696405
462,0.045764,18.663969,4.778833
463,0.045528,20.192894,5.573474
464,0.044190,13.139139,1.566743
465,0.043803,14.282374,8.507217
466,0.029210,30.683914,8.060550
467,0.017097,24.620966,2.668186
468,0.029100,18.438312,6.708964
469,0.029784,30.071280,8.364837
470,0.029597,16.162998,6.767687
471,0.031551,34.400817,3.793583
472,0.020306,18.620440,6.905000
473,0.024650,18.432774,2.894156
474,0.027367,17.797798,3.864295
475,0.015245,13.052788,3.160627
476,0.028215,12.778429,6.012326
477,0.042419,26.202626,1.974040
478,0.043122,31.877951,9.399793
479,0.026463,29.763013,4.001611
480,0.030752,13.527690,2.970731
481,0.011346,23.639553,5.468948
482,0.036977,12.639789,3.492980
483,0.026184,11.132366,5.814137
484,0.027819,26.409646,4.136582
485,0.044947,23.378808,2.188601
486,0.028473,12.050592,3.393057
487,0.010848,10.873481,4.945959
488,0.019100,34.743910,1.272639
489,0.029025,10.750533,7.935783
490,0.026976,21.113206,6.596421
491,0.044415,22.615476,6.412236
492,0.031686,12.932004,5.914449
493,0.037585,14.226544,6.312819
494,0.028773,18.795125,9.411868
495,0.027586,29.041897,1.077123
496,0.027851,22.677061,1.430197
497,0.026437,25.947547,2.723441
498,0.031543,34.629364,2.505712
499,0.020018,29.200136,2.630750
500,0.045642,20.859037,7.047495
501,0.023323,21.161048,5.135350
502,0.015901,25.469302,9.926010
503,0.013862,26.634130,3.041973
504,0.010537,22.517773,3.797471
505,0.026914,26.121531,9.858166
506,0.017504,10.588312,8.485823
507,0.010866,20.740572,5.228193
508,0.030801,16.973452,5.991372
509,0.037199,13.229361,8.588601
510,0.013430,12.488663,5.328822
511,0.028437,25.079804,2.854214
512,0.039745,23.090014,8.456001
513,0.049432,16.339603,5.839952
514,0.036688,21.773751,2.377383
515,0.019794,22.305808,5.550272
516,0.038662,14.875225,4.718830
517,0.033917,26.302327,8.891583
518,0.018472,29.522984,2.134499
519,0.044044,29.786589,8.876888
520,0.027096,25.061746,5.609899
521,0.048479,22.790965,4.639280
522,0.038916,11.525179,2.457705
523,0.035783,17.195782,7.307362
524,0.039134,12.331786,9.341260
525,0.029124,34.095579,4.378396
526,0.030209,13.377004,3.174265
527,0.044048,13.794385,5.993802
528,0.037237,32.239415,8.165674
529,0.045890,33.598207,1.033909
530,0.045633,29.145726,6.682397
531,0.049060,10.135123,6.368644
532,0.038009,10.033657,3.863370
533,0.030092,19.452519,5.062807
534,0.016652,13.584884,3.222669
535,0.038215,10.459654,8.108972
536,0.021663,21.601667,6.710814
537,0.021318,33.576547,5.794405
538,0.019532,18.095489,4.532736
539,0.045005,26.528517,3.622459
540,0.044719,26.305884,8.404628
541,0.035239,16.277003,5.062669
542,0.028919,26.260631,5.513027
543,0.036885,15.308349,5.687459
544,0.034289,13.050185,5.035302
545,0.026629,27.534582,3.304796
546,0.025185,12.836020,2.083064
547,0.025312,34.922730,1.886835
548,0.033565,14.586310,7.817163
549,0.035907,24.853547,3.011750
550,0.028070,20.284364,1.501055
551,0.048748,13.159661,8.177657
552,0.013354,10.696098,2.386555
553,0.023882,25.568307,6.626315
554,0.026763,30.168939,4.047789
555,0.010677,31.050392,2.138322
556,0.024598,22.067837,4.730329
557,0.020948,29.436387,1.133280
558,0.030241,26.821178,8.569405
559,0.023456,28.106363,5.621482
560,0.039047,22.314975,2.252440
561,0.030397,25.835294,3.132823
562,0.015190,30.138148,5.031777
563,0.040002,19.947104,2.699824
564,0.013969,30.149473,3.417392
565,0.043562,24.800421,5.809470
566,0.047257,14.147526,8.493481
567,0.022898,10.617104,4.616557
568,0.047046,19.068840,7.452777
569,0.041720,23.667408,8.890158
570,0.046897,30.995509,2.946708
571,0.036651,13.187142,8.264728
572,0.019426,30.005159,7.816620
573,0.045781,31.575226,4.212436
574,0.017371,13.767187,9.905680
575,0.018522,31.289858,3.363151
576,0.020843,34.786339,3.293229
577,0.022170,28.170971,7.950332
578,0.030579,29.619242,4.911916
579,0.038538,34.860382,3.977155
580,0.047048,25.137031,2.607965
581,0.013538,17.697160,7.887992
582,0.048175,30.938271,8.076896
583,0.046853,25.362144,6.099076
584,0.012160,24.529886,9.615823
585,0.024413,16.340889,3.863469
586,0.042526,28.908357,2.976571
587,0.034463,12.041682,7.097201
588,0.041164,33.107177,7.825678
589,0.038761,18.145587,3.024154
590,0.029871,13.194366,1.689497
591,0.011649,21.059163,8.294648
592,0.033371,11.061748,9.788518
593,0.011943,27.115655,6.802051
594,0.034149,32.567638,3.500802
595,0.042016,30.931575,9.970053
596,0.033400,13.184237,9.039400
597,0.049881,13.156778,5.620426
598,0.028235,30.335862,8.427892
599,0.039953,33.106357,8.342385
600,0.036689,21.516746,9.413191
601,0.049657,22.474278,8.568315
602,0.038529,17.956551,6.793113
603,0.016561,32.356628,6.483733
604,0.048221,26.122573,5.206216
605,0.036711,17.206289,6.638371
606,0.012374,17.469572,8.156949
607,0.036303,32.280002,9.721339
608,0.045325,10.340851,5.205586
609,0.033082,18.068164,6.162879
610,0.024161,23.858917,5.003249
611,0.042836,13.705437,7.016398
612,0.041300,12.302469,6.669285
613,0.031767,30.381908,1.160504
614,0.016174,32.360110,5.870454
615,0.020039,30.590161,1.796382
616,0.039539,32.469697,1.237453
617,0.042243,23.827799,8.120774
618,0.021171,30.306453,3.327849
619,0.024719,19.601066,4.065896
620,0.013105,26.656697,1.576761
621,0.038538,34.720888,2.615502
622,0.010143,15.643193,7.890443
623,0.011862,19.747494,5.441777
624,0.010174,22.001184,8.926016
625,0.035813,13.450387,4.575179
626,0.026695,12.025965,3.418307
627,0.021902,30.743072,4.128398
628,0.046508,34.419859,7.414946
629,0.017712,20.118127,5.995051
630,0.025575,12.191246,9.137721
631,0.047612,11.645294,6.419519
632,0.027084,32.282955,5.437164
633,0.032188,21.595356,8.071775
634,0.013213,18.000683,9.527805
635,0.041607,21.911532,4.202613
636,0.026910,17.957602,3.248886
637,0.042021,22.225894,6.545957
638,0.020152,31.488910,5.489855
639,0.026899,24.807534,9.902670
640,0.041462,27.366344,5.161256
641,0.048955,19.116767,1.668984
642,0.012385,28.462647,9.796322
643,0.042498,26.665427,8.592283
644,0.022028,12.989050,2.604251
645,0.032030,24.316071,9.141447
646,0.021604,16.418587,4.066001
647,0.034538,30.102392,4.394008
648,0.024152,20.648443,9.157523
649,0.023345,34.867104,5.771040
650,0.011518,12.312511,2.239866
651,0.015878,29.508697,4.321505
652,0.046683,26.842543,7.498877
653,0.049931,29.187471,2.567658
654,0.041221,17.688245,6.312081
655,0.021473,22.301362,7.257467
656,0.026098,29.912713,4.094682
657,0.039580,15.813533,7.244926
658,0.048741,15.650830,8.957866
659,0.028219,23.776274,5.249051
660,0.043181,23.089089,4.446184
661,0.049003,17.056562,3.260426
662,0.044939,17.451891,6.437849
663,0.019086,16.946129,8.918668
664,0.010321,29.287802,3.921951
665,0.029683,26.297522,4.566120
666,0.031254,30.810430,4.659630
667,0.018050,34.386826,6.047311
668,0.021387,21.854107,3.055681
669,0.040606,11.667347,8.399900
670,0.028814,11.202308,3.660420
671,0.022694,17.391626,7.348264
672,0.034905,33.313615,5.618942
673,0.036110,23.080326,6.273078
674,0.040776,16.794663,2.616479
675,0.016268,19.979170,7.615209
676,0.039661,24.964878,2.697585
677,0.033977,26.323741,2.021263
678,0.012303,13.847988,5.920115
679,0.041098,34.425792,7.383674
680,0.025323,23.619306,1.450323
681,0.023215,13.392208,1.624558
682,0.027923,32.340881,8.224112
683,0.023847,11.865961,8.281294
684,0.023531,32.693386,3.207742
685,0.042323,34.914141,6.537054
686,0.014980,27.510795,4.988621
687,0.048824,29.261181,6.694264
688,0.032197,18.432571,8.765914
689,0.017317,33.539421,1.718708
690,0.015249,23.242849,8.001860
691,0.033660,28.309711,5.437262
692,0.035320,33.102693,6.077142
693,0.012121,34.379499,6.885382
694,0.019720,30.830109,9.303608
695,0.041818,17.575438,1.510480
696,0.011985,34.163688,1.265287
697,0.044204,25.702988,2.604356
698,0.036326,33.266062,9.878030
699,0.027377,26.902626,7.435687
700,0.023857,17.680974,6.531770
701,0.010770,19.250613,1.423351
702,0.043009,23.761794,8.911992
703,0.015709,29.750371,8.314812
704,0.022382,17.949564,6.983200
705,0.032764,24.493279,4.052177
706,0.019840,18.640625,1.634545
707,0.029886,30.394235,6.220346
708,0.042374,21.668202,7.477251
709,0.028822,11.918071,1.848163
710,0.047959,14.151313,6.703909
711,0.043900,11.527617,3.577295
712,0.023322,22.482574,7.878198
713,0.025998,12.658432,5.856543
714,0.026933,12.853499,2.161331
715,0.035047,33.526207,5.738675
716,0.021472,31.816377,4.561632
717,0.048770,21.302165,2.623204
718,0.034347,34.645133,8.573642
719,0.025976,10.004663,1.099256
720,0.035800,25.349486,3.809154
721,0.025816,25.410704,1.113355
722,0.042712,21.436076,1.864063
723,0.032714,19.923699,3.673866
724,0.011679,21.384578,1.488441
725,0.017070,20.374011,6.369675
726,0.044600,28.262312,1.781766
727,0.032516,13.383886,7.315423
728,0.048014,14.940981,1.473779
729,0.012897,14.512956,1.533780
730,0.021810,16.561765,3.747933
731,0.017742,23.131460,9.069144
732,0.032154,12.780219,6.772539
733,0.025312,31.704232,7.931182
734,0.016291,17.434038,2.273969
735,0.035710,14.063450,8.507129
736,0.031452,26.890533,1.073316
737,0.020989,10.952158,2.917516
738,0.029191,25.499214,6.544831
739,0.039830,27.454961,4.377218
740,0.018211,15.372913,9.857741
741,0.021716,11.049102,1.273053
742,0.023844,19.091134,9.987384
743,0.039869,12.464856,6.612650
744,0.043877,12.911946,6.028363
745,0.025056,16.356531,1.535612
746,0.021865,17.386698,3.459960
747,0.045578,23.249259,9.321964
748,0.049975,26.959797,4.188214
749,0.036814,24.819274,6.954879
750,0.049599,13.709008,9.995467
751,0.036399,14.302151,3.367627
752,0.039338,31.969231,6.184728
753,0.025546,23.958808,7.267940
754,0.027319,31.748446,2.481645
755,0.015765,19.288663,2.338053
756,0.042910,25.360000,5.106771
757,0.047242,23.091585,4.472313
758,0.034938,17.978087,7.427939
759,0.023746,21.747884,1.625579
760,0.016161,22.562272,9.749500
761,0.020606,15.019274,1.128493
762,0.020216,17.875259,6.411851
763,0.034541,29.785244,6.063693
764,0.047801,32.894706,2.212442
765,0.011931,18.994852,2.358244
766,0.010041,17.674307,8.134097
767,0.034007,14.879929,8.988062
768,0.021362,26.962279,3.547153
769,0.045222,18.077493,4.941676
770,0.023090,34.693738,4.194955
771,0.021590,18.142120,1.652923
772,0.020780,19.853401,7.058838
773,0.015794,25.083355,8.426736
774,0.033261,30.042107,3.743914
775,0.016729,21.737967,9.911582
776,0.026985,20.566401,1.682664
777,0.028439,34.890946,6.956116
778,0.010820,10.262341,5.034052
779,0.010672,32.376632,5.019417
780,0.030809,13.728521,5.118811
781,0.037841,29.648132,3.328136
782,0.047686,25.448289,7.440065
783,0.017165,18.546182,7.494189
784,0.014130,31.846874,3.541574
785,0.012084,10.322681,8.517758
786,0.027442,15.667266,3.851604
787,0.034926,24.172320,7.525838
788,0.043622,18.788557,2.088998
789,0.037306,25.259437,2.518315
790,0.018334,10.602755,3.842161
791,0.028471,12.911473,6.344864
792,0.046414,13.177406,6.809603
793,0.023070,14.732091,4.567206
794,0.029949,21.483286,1.700552
795,0.048343,28.803217,4.362712
796,0.039388,32.638471,7.198908
797,0.039910,30.884313,7.038959
798,0.020093,14.922197,2.441768
799,0.026588,21.028764,1.070056
800,0.013294,14.985290,7.776835
801,0.034261,16.611795,1.957313
802,0.014149,22.588675,1.741142
803,0.043436,11.702726,1.024311
804,0.042582,15.454358,4.893412
805,0.031344,33.384454,5.529375
806,0.015647,21.652907,6.738976
807,0.011023,21.134663,3.664575
808,0.041868,10.364179,7.393822
809,0.034006,16.184994,2.523987
810,0.038437,31.657311,8.487910
811,0.022152,14.115711,6.146635
812,0.030379,20.378123,6.255008
813,0.039887,10.358273,2.887979
814,0.028503,21.958387,1.666979
815,0.034055,10.525528,5.182523
816,0.041589,30.490239,6.540508
817,0.018609,30.621344,1.855418
818,0.012637,29.693555,9.554810
819,0.031273,17.084102,9.823729
820,0.012485,30.930930,5.909110
821,0.040662,23.574953,9.550622
822,0.038768,19.345203,2.615007
823,0.045269,25.633249,1.228786
824,0.035582,10.308526,1.354686
825,0.012688,13.574022,6.287612
826,0.020126,28.557338,1.554777
827,0.042317,16.104040,9.626910
828,0.016685,24.950228,2.277399
829,0.037939,19.627565,3.742505
830,0.041210,31.370144,8.402660
831,0.023204,33.810383,2.968663
832,0.022892,32.089118,3.186716
833,0.032312,16.765500,6.780781
834,0.044451,14.854072,3.484775
835,0.018956,21.860872,2.957029
836,0.047650,10.183354,3.287599
837,0.033965,10.645235,5.415827
838,0.049685,23.832266,9.694899
839,0.013585,23.011235,8.490141
840,0.015062,34.864550,3.561492
841,0.043066,15.046046,4.270359
842,0.044590,16.452598,5.180610
843,0.027818,12.838516,9.810367
844,0.038563,32.938575,2.551514
845,0.044702,29.445281,4.217348
846,0.011725,30.558478,7.564835
847,0.032958,32.569095,9.675494
848,0.044139,23.122500,2.401077
849,0.025926,21.279830,3.046420
850,0.022095,18.259787,3.031252
851,0.041828,24.730365,1.188388
852,0.023431,21.356960,6.437041
853,0.010127,21.289140,7.036328
854,0.048383,33.423197,6.422733
855,0.033685,34.600788,1.641907
856,0.042781,29.912110,1.623071
857,0.043012,28.918952,2.893479
858,0.012656,27.013954,3.612651
859,0.016834,14.151871,8.078893
860,0.022445,11.477646,2.434512
861,0.022828,27.268158,1.396830
862,0.036351,28.219656,4.545888
863,0.034925,11.174325,4.747530
864,0.029784,33.201294,5.058166
865,0.018451,12.278516,8.442132
866,0.025279,17.147513,1.882049
867,0.031744,26.809745,7.335479
868,0.028719,14.246815,4.041510
869,0.015092,11.385397,3.789821
870,0.035980,18.278662,9.392888
871,0.012922,29.149289,3.236217
872,0.025128,20.341967,6.782787
873,0.038401,26.324323,3.476150
874,0.010801,24.490477,5.564295
875,0.032799,10.555462,8.076636
876,0.023381,34.713500,8.935503
877,0.010353,11.035702,8.548275
878,0.017615,34.195068,6.239627
879,0.047638,23.746604,3.239347
880,0.030846,34.078976,6.951100
881,0.049889,12.868840,7.389145
882,0.030993,22.260213,1.096228
883,0.031757,14.237602,4.952895
884,0.025674,11.274372,8.589358
885,0.022402,25.438228,5.406288
886,0.020062,15.194586,3.802379
887,0.023737,24.692425,8.846180
888,0.028394,12.809112,2.402926
889,0.017680,18.299662,2.858007
890,0.018995,29.540814,7.186351
891,0.020862,20.926288,4.171923
892,0.027970,25.693635,7.417152
893,0.036113,26.186449,2.419333
894,0.044246,31.093876,3.270422
895,0.021485,18.123070,2.409826
896,0.017349,27.182389,9.576193
897,0.025154,34.040395,4.648636
898,0.045775,28.256083,4.034979
899,0.010394,22.246762,1.127819
900,0.037115,25.767936,2.380758
901,0.029086,28.492072,4.790223
902,0.016442,25.306894,1.616525
903,0.022841,10.416895,5.596654
904,0.018998,14.869337,5.095139
905,0.045113,30.261705,7.904513
906,0.029275,16.816266,6.938224
907,0.032524,28.289053,5.013526
908,0.033748,19.303005,3.021946
909,0.035585,23.047108,7.541772
910,0.029822,11.699332,7.370759
911,0.010715,14.530639,2.379665
912,0.023389,33.929924,9.232766
913,0.017355,32.253451,1.579646
914,0.037206,26.306878,1.495339
915,0.012268,21.491115,2.686154
916,0.032552,26.894032,9.185147
917,0.018425,25.465257,5.679983
918,0.047954,24.213806,8.091468
919,0.023422,11.479427,3.050589
920,0.023009,25.820065,5.411998
921,0.046935,29.223001,4.224605
922,0.026694,34.852041,8.450457
923,0.048514,10.276964,1.203440
924,0.010967,28.254336,3.194585
925,0.022254,24.294733,2.373168
926,0.036648,20.851304,8.732701
927,0.045634,13.189254,5.207895
928,0.020256,20.227129,4.637980
929,0.047219,18.859430,5.045345
930,0.033765,17.570747,9.747321
931,0.042040,28.271991,8.652407
932,0.025888,27.518138,7.357319
933,0.018487,24.725502,3.614311
934,0.046449,33.466620,2.486557
935,0.047325,18.746360,9.292903
936,0.029903,16.095048,4.807680
937,0.010260,26.397583,3.508802
938,0.014391,14.970352,5.238287
939,0.032921,17.875263,9.260627
940,0.010951,15.615061,4.483606
941,0.025876,11.728839,6.063769
942,0.022135,30.687469,8.226697
943,0.038574,16.363514,4.844193
944,0.012223,21.825688,3.101876
945,0.029549,11.082882,9.950732
946,0.033165,27.483487,9.609138
947,0.034692,18.264025,8.591313
948,0.026206,28.618418,7.195365
949,0.022175,20.310077,3.653791
950,0.037300,14.893890,9.220716
951,0.043903,22.829377,3.480010
952,0.037745,13.262614,8.207285
953,0.047284,21.013479,9.264324
954,0.038691,17.932637,6.427035
955,0.040585,32.798990,8.227506
956,0.016716,11.523218,8.125256
957,0.026782,27.350435,2.738420
958,0.029402,14.568779,7.011320
959,0.020252,17.976127,1.841211
960,0.031142,20.387852,5.570651
961,0.021632,32.700377,2.460120
962,0.037500,16.064457,4.747145
963,0.028812,12.282720,8.496839
964,0.028352,17.967240,9.884511
965,0.049346,12.616899,3.861638
966,0.025698,13.214912,5.787601
967,0.024492,24.346265,5.601682
968,0.022744,11.522548,9.589614
969,0.045790,10.773272,5.307254
970,0.029869,27.860353,7.291956
971,0.034001,19.041177,9.296103
972,0.017233,13.134384,4.360407
973,0.031638,16.340319,9.119100
974,0.020986,26.052163,9.257106
975,0.039225,16.888414,9.375963
976,0.043301,22.363028,3.434016
977,0.038592,13.042383,4.603200
978,0.039210,24.702341,8.833563
979,0.030499,17.901942,4.232456
980,0.038485,25.674211,6.402277
981,0.026907,30.209872,2.062491
982,0.036060,25.291160,1.506475
983,0.020362,17.393689,4.707946
984,0.012790,16.393593,6.210249
985,0.026539,18.185524,4.534292
986,0.028471,14.115513,6.199622
987,0.020256,14.529296,5.635759
988,0.039108,29.767278,7.171365
989,0.012942,19.618314,6.845792
990,0.018910,20.899880,4.818211
991,0.039943,24.851237,4.824957
992,0.027485,24.741337,2.267005
993,0.038211,11.684422,5.619147
994,0.032699,30.788520,6.284612
995,0.048029,14.433164,5.288405
996,0.033912,28.076791,3.931366
997,0.010595,29.316775,7.494837
998,0.024115,27.872488,1.671955
999,0.015722,24.474441,9.229963
1000,0.046985,10.365225,1.185791
