row_id,EC,TP,Lat,SR_base,SR_proposed,SR_expert,split,dominant_rule,zones
1,0.048494,34.668228,7.179169,91.2,95.9,,test,6,2.00 2.00 1.79
7,0.014376,13.899522,1.220322,10.0,0.0,,train,1,0.00 0.00 0.00
11,0.018277,17.792246,1.053317,17.1,4.2,,train,2,0.00 0.42 0.00
12,0.046009,10.078523,4.385813,28.4,51.9,,train,2,2.00 0.00 1.10
19,0.036876,17.047976,8.059673,55.3,67.1,,test,5,1.69 0.34 2.00
20,0.046465,19.095241,6.833321,66.7,69.8,,train,5,2.00 0.57 1.71
24,0.044603,34.794322,7.066526,82.1,95.3,,test,6,2.00 2.00 1.77
31,0.02916,33.51048,8.619051,63.0,79.2,,test,4,0.92 2.00 2.00
32,0.010697,10.395579,1.574797,5.4,0.0,,test,1,0.00 0.00 0.00
36,0.04172,23.989471,8.412933,73.5,82.8,,train,5,2.00 1.14 2.00
39,0.041163,12.925293,7.540034,59.2,67.7,,train,5,2.00 0.00 1.89
51,0.027143,31.740152,3.535114,43.5,54.8,,train,4,0.71 2.00 0.77
55,0.025814,28.540065,4.835038,37.1,52.9,,test,2,0.58 1.79 1.21
60,0.043273,31.35652,7.606662,79.1,98.0,,train,6,2.00 2.00 1.90
63,0.036813,32.579769,7.845952,70.9,92.9,,test,6,1.68 2.00 1.96
64,0.035697,25.096275,5.326511,32.9,60.0,,test,2,1.57 1.30 1.33
70,0.033008,33.472374,8.488853,71.2,86.0,,train,6,1.30 2.00 2.00
71,0.049411,32.34963,4.251397,44.7,81.3,,train,4,2.00 2.00 1.06
76,0.04757,34.713041,7.629867,90.7,98.1,,train,6,2.00 2.00 1.91
77,0.010077,10.630934,2.022081,6.8,0.1,,test,1,0.00 0.00 0.01
84,0.040217,25.007037,3.349258,30.0,62.5,,train,2,2.00 1.29 0.67
88,0.020854,16.634253,5.414018,20.0,23.2,,train,2,0.09 0.29 1.35
102,0.036355,25.381341,1.144974,30.8,45.9,,train,2,1.64 1.34 0.00
106,0.013153,33.379302,4.073735,46.8,50.4,,test,4,0.00 2.00 1.02
107,0.04052,19.395125,9.681606,77.6,76.0,,test,5,2.00 0.60 2.00
112,0.044758,11.136313,1.208321,38.1,40.0,,train,3,2.00 0.00 0.00
115,0.015433,26.750813,2.420477,33.5,27.7,,train,2,0.00 1.54 0.21
118,0.048859,13.08502,4.050946,34.4,50.3,,train,3,2.00 0.00 1.01
122,0.022193,33.209588,3.537994,46.4,49.9,,train,4,0.22 2.00 0.77
125,0.010629,28.843352,2.39809,37.7,36.9,,train,2,0.00 1.83 0.20
131,0.045112,14.728478,3.648644,27.1,49.1,,test,2,2.00 0.08 0.82
132,0.040595,33.059187,1.778012,46.1,70.0,,train,4,2.00 2.00 0.00
133,0.010886,27.390616,7.834858,34.8,61.5,,train,2,0.00 1.63 1.96
136,0.035946,11.388126,3.131316,25.2,32.3,,train,2,1.59 0.00 0.57
142,0.045287,30.876649,4.750254,41.8,83.8,,train,4,2.00 2.00 1.19
143,0.032995,33.18388,4.46879,46.4,68.3,,test,4,1.30 2.00 1.12
146,0.010485,28.73565,6.250798,37.5,56.5,,train,2,0.00 1.82 1.56
156,0.049858,24.932311,4.170721,29.9,66.4,,train,2,2.00 1.28 1.04
159,0.042934,17.391364,1.075291,31.6,43.8,,train,3,2.00 0.38 0.00
164,0.034919,32.823275,9.930177,91.8,89.8,,test,6,1.49 2.00 2.00
165,0.010271,18.494256,6.873521,20.0,35.8,,train,2,0.00 0.50 1.72
172,0.044774,16.953229,9.951032,79.8,73.3,,train,5,2.00 0.33 2.00
175,0.01618,31.238355,1.942863,42.5,40.0,,train,4,0.00 2.00 0.00
177,0.02466,34.792402,3.148893,49.6,50.4,,train,4,0.47 2.00 0.57
178,0.032383,23.525072,8.520083,55.2,66.3,,test,2,1.24 1.08 2.00
179,0.03662,34.621144,8.055276,75.4,93.2,,train,6,1.66 2.00 2.00
180,0.049133,33.474911,8.41762,92.7,100.0,,train,6,2.00 2.00 2.00
181,0.039135,21.320343,7.512485,56.0,73.8,,test,5,1.91 0.81 1.88
197,0.042891,17.356668,9.399026,76.9,73.7,,test,5,2.00 0.37 2.00
199,0.048576,33.538323,9.227408,93.0,100.0,,train,6,2.00 2.00 2.00
204,0.017215,27.928014,4.859551,35.9,44.9,,train,2,0.00 1.70 1.21
206,0.018619,18.919218,2.662425,19.7,7.9,,train,2,0.00 0.55 0.33
208,0.049621,17.376809,2.571851,38.1,46.6,,test,3,2.00 0.38 0.29
210,0.039931,12.676429,3.683754,24.7,48.2,,train,2,1.99 0.00 0.84
211,0.041762,21.001451,6.387079,47.9,69.7,,train,2,2.00 0.78 1.60
218,0.028943,22.145436,4.04674,24.3,19.5,,test,2,0.89 0.91 1.01
228,0.015105,11.13123,1.250648,7.8,0.0,,train,1,0.00 0.00 0.00
230,0.028862,10.379422,1.175703,27.1,8.9,,train,2,0.89 0.00 0.00
233,0.047913,31.825485,9.772106,91.6,100.0,,test,6,2.00 2.00 2.00
237,0.031729,24.014495,8.758937,57.5,66.4,,train,5,1.17 1.14 2.00
241,0.019372,29.499708,7.493403,39.0,65.9,,test,2,0.00 1.93 1.87
242,0.033157,12.46843,1.053354,30.5,19.5,,train,3,1.32 0.00 0.00
244,0.037475,19.038535,8.626655,63.5,70.5,,train,5,1.75 0.56 2.00
248,0.049263,32.392449,7.54394,91.0,97.7,,test,6,2.00 2.00 1.89
252,0.041477,31.586643,8.17253,80.5,100.0,,train,6,2.00 2.00 2.00
253,0.034796,15.576552,1.566034,25.7,25.7,,train,2,1.48 0.18 0.00
256,0.037084,28.704021,7.802121,65.3,89.4,,train,5,1.71 1.81 1.95
258,0.01319,16.156104,2.030908,15.3,2.5,,train,2,0.00 0.24 0.02
259,0.043481,20.588698,3.829465,21.2,56.5,,train,2,2.00 0.73 0.91
261,0.013654,10.794462,3.395425,15.0,7.0,,test,2,0.00 0.00 0.70
263,0.015392,16.001769,8.428402,20.0,42.2,,test,2,0.00 0.22 2.00
272,0.022739,27.219064,1.239423,34.4,30.3,,train,2,0.27 1.60 0.00
273,0.038929,32.443589,6.057832,56.9,88.1,,train,4,1.89 2.00 1.51
275,0.041669,11.910997,4.067947,24.7,50.3,,test,2,2.00 0.00 1.02
276,0.049107,32.397105,8.064601,91.3,100.0,,test,6,2.00 2.00 2.00
280,0.010007,23.932764,9.586845,27.9,52.7,,train,2,0.00 1.13 2.00
282,0.039504,30.864774,8.232716,76.9,99.0,,train,6,1.95 2.00 2.00
284,0.017103,32.822311,2.681027,45.6,43.4,,train,4,0.00 2.00 0.34
288,0.043264,24.411811,6.469382,58.3,76.4,,train,5,2.00 1.20 1.62
289,0.0473,29.04709,4.5458,38.1,80.0,,train,2,2.00 1.86 1.14
291,0.043718,16.893935,2.514078,27.0,45.8,,train,2,2.00 0.32 0.26
298,0.036605,33.427724,7.962827,72.8,93.0,,train,6,1.66 2.00 1.99
305,0.022945,31.121558,5.613244,42.2,61.0,,test,4,0.29 2.00 1.40
307,0.033337,15.978564,6.780877,33.0,49.5,,train,2,1.33 0.22 1.70
316,0.037478,11.169646,1.425921,33.3,32.4,,train,3,1.75 0.00 0.00
317,0.039706,17.991301,1.37105,25.9,43.5,,test,2,1.97 0.44 0.00
319,0.046578,32.481509,7.207315,84.5,96.0,,train,6,2.00 2.00 1.80
320,0.040046,34.056536,8.66933,85.2,100.0,,train,6,2.00 2.00 2.00
326,0.040519,15.423906,7.846118,61.0,70.8,,test,5,2.00 0.16 1.96
330,0.011287,32.681224,9.230119,45.4,70.0,,train,4,0.00 2.00 2.00
331,0.034984,13.907093,1.811023,26.8,25.0,,test,2,1.50 0.00 0.00
335,0.048642,12.393226,3.632864,36.0,48.2,,test,3,2.00 0.00 0.82
337,0.039969,34.216865,8.15318,81.3,99.9,,train,6,2.00 2.00 2.00
338,0.047454,16.558574,2.015723,34.6,42.9,,test,3,2.00 0.28 0.01
341,0.011372,11.255361,8.853166,20.0,40.0,,train,2,0.00 0.00 2.00
348,0.049023,11.07631,3.198103,38.4,46.0,,train,3,2.00 0.00 0.60
355,0.044671,33.579371,6.706828,77.6,93.5,,train,6,2.00 2.00 1.68
357,0.049729,12.690355,2.244388,39.7,41.2,,train,3,2.00 0.00 0.12
366,0.04571,32.108879,9.348052,90.7,100.0,,train,6,2.00 2.00 2.00
370,0.030481,27.417378,9.974532,86.5,73.6,,train,5,1.05 1.63 2.00
371,0.015477,18.108645,3.63348,19.5,10.9,,test,2,0.00 0.46 0.82
374,0.042848,31.429791,7.400166,76.7,97.0,,test,6,2.00 2.00 1.85
375,0.04659,30.510671,3.660745,41.0,78.3,,test,4,2.00 2.00 0.83
377,0.039111,13.310115,9.498066,75.2,68.2,,train,5,1.91 0.00 2.00
379,0.034341,25.483586,7.676494,53.2,73.6,,train,2,1.43 1.35 1.92
382,0.019731,34.940571,8.422131,49.9,70.0,,test,4,0.00 2.00 2.00
383,0.045095,14.778302,3.485068,27.7,48.3,,test,2,2.00 0.09 0.74
385,0.045994,20.774598,4.28176,21.5,58.9,,test,2,2.00 0.75 1.07
386,0.042736,17.612313,8.718944,72.6,74.0,,test,5,2.00 0.40 2.00
387,0.049615,14.952388,3.396101,38.2,48.0,,train,3,2.00 0.11 0.70
392,0.030925,32.923551,7.466026,56.8,79.2,,test,4,1.09 2.00 1.87
394,0.033132,13.262532,1.406043,27.7,19.4,,test,2,1.31 0.00 0.00
396,0.046353,21.056307,7.349406,71.5,74.6,,test,5,2.00 0.78 1.84
401,0.026645,30.124093,7.602596,43.8,74.7,,test,4,0.66 2.00 1.90
405,0.014314,11.920186,1.372369,8.6,0.0,,train,1,0.00 0.00 0.00
408,0.023921,33.706288,1.918674,47.4,43.9,,train,4,0.39 2.00 0.00
411,0.048618,16.997316,2.078423,36.2,43.7,,train,3,2.00 0.33 0.04
434,0.046637,14.861191,6.795045,67.0,64.9,,train,5,2.00 0.10 1.70
435,0.048325,12.329903,5.95552,66.0,59.8,,train,5,2.00 0.00 1.49
437,0.049615,14.083416,4.579561,34.2,53.0,,train,3,2.00 0.01 1.14
439,0.035741,17.938864,8.922232,64.0,65.9,,train,5,1.57 0.44 2.00
441,0.044449,12.189782,9.037012,76.2,70.0,,test,5,2.00 0.00 2.00
452,0.035009,28.188231,8.163218,64.1,84.8,,train,5,1.50 1.74 2.00
454,0.037146,27.345139,8.139683,67.1,86.7,,train,5,1.71 1.62 2.00
458,0.046601,17.4098,6.363532,62.3,65.6,,train,5,2.00 0.38 1.59
464,0.04419,13.139139,1.566743,35.8,40.0,,test,3,2.00 0.00 0.00
466,0.02921,30.683914,8.06055,53.3,79.2,,test,4,0.92 2.00 2.00
471,0.031551,34.400817,3.793583,48.8,62.1,,test,4,1.16 2.00 0.90
478,0.043122,31.877951,9.399793,89.5,100.0,,train,6,2.00 2.00 2.00
482,0.036977,12.639789,3.49298,23.8,37.3,,train,2,1.70 0.00 0.75
488,0.0191,34.74391,1.272639,49.5,40.0,,train,4,0.00 2.00 0.00
517,0.033917,26.302327,8.891583,68.1,77.3,,train,5,1.39 1.47 2.00
519,0.044044,29.786589,8.876888,85.6,99.4,,train,5,2.00 1.97 2.00
522,0.038916,11.525179,2.457705,29.8,38.9,,test,2,1.89 0.00 0.23
523,0.035783,17.195782,7.307362,43.6,60.4,,train,2,1.58 0.36 1.83
524,0.039134,12.331786,9.34126,73.7,68.3,,test,5,1.91 0.00 2.00
525,0.029124,34.095579,4.378396,48.2,61.0,,train,4,0.91 2.00 1.09
528,0.037237,32.239415,8.165674,74.2,94.5,,train,6,1.72 2.00 2.00
529,0.04589,33.598207,1.033909,47.2,70.0,,test,4,2.00 2.00 0.00
532,0.038009,10.033657,3.86337,24.8,42.4,,test,2,1.80 0.00 0.93
534,0.016652,13.584884,3.222669,17.7,6.1,,train,2,0.00 0.00 0.61
535,0.038215,10.459654,8.108972,58.9,66.4,,train,5,1.82 0.00 2.00
537,0.021318,33.576547,5.794405,47.2,60.3,,train,4,0.13 2.00 1.45
539,0.045005,26.528517,3.622459,33.1,68.2,,test,2,2.00 1.50 0.81
540,0.044719,26.305884,8.404628,80.3,89.4,,train,5,2.00 1.47 2.00
552,0.013354,10.696098,2.386555,10.9,1.9,,train,2,0.00 0.00 0.19
553,0.023882,25.568307,6.626315,31.1,50.7,,train,2,0.39 1.37 1.66
562,0.01519,30.138148,5.031777,40.3,55.2,,train,4,0.00 2.00 1.26
566,0.047257,14.147526,8.493481,77.0,70.2,,train,5,2.00 0.02 2.00
568,0.047046,19.06884,7.452777,72.7,72.9,,train,5,2.00 0.56 1.86
571,0.036651,13.187142,8.264728,57.3,63.3,,train,5,1.67 0.00 2.00
575,0.018522,31.289858,3.363151,42.6,46.8,,train,4,0.00 2.00 0.68
582,0.048175,30.938271,8.076896,88.6,100.0,,test,6,2.00 2.00 2.00
585,0.024413,16.340889,3.863469,20.0,13.0,,train,2,0.44 0.26 0.93
588,0.041164,33.107177,7.825678,79.2,99.1,,test,6,2.00 2.00 1.96
592,0.033371,11.061748,9.788518,75.2,56.7,,test,5,1.34 0.00 2.00
595,0.042016,30.931575,9.970053,90.8,100.0,,train,6,2.00 2.00 2.00
596,0.0334,13.184237,9.0394,60.8,56.8,,test,5,1.34 0.00 2.00
598,0.028235,30.335862,8.427892,52.8,78.2,,test,4,0.82 2.00 2.00
599,0.039953,33.106357,8.342385,81.4,99.9,,train,6,2.00 2.00 2.00
600,0.036689,21.516746,9.413191,73.8,71.7,,train,5,1.67 0.84 2.00
601,0.049657,22.474278,8.568315,82.2,79.4,,test,5,2.00 0.94 2.00
607,0.036303,32.280002,9.721339,89.1,92.6,,train,6,1.63 2.00 2.00
612,0.0413,12.302469,6.669285,49.1,63.3,,train,2,2.00 0.00 1.67
614,0.016174,32.36011,5.870454,44.7,59.4,,train,4,0.00 2.00 1.47
615,0.020039,30.590161,1.796382,41.2,40.0,,train,4,0.00 2.00 0.00
616,0.039539,32.469697,1.237453,44.9,69.1,,test,4,1.95 2.00 0.00
617,0.042243,23.827799,8.120774,71.9,82.4,,train,5,2.00 1.12 2.00
618,0.021171,30.306453,3.327849,40.6,47.8,,test,4,0.12 2.00 0.66
621,0.038538,34.720888,2.615502,49.4,70.2,,train,4,1.85 2.00 0.31
622,0.010143,15.643193,7.890443,20.0,41.0,,train,2,0.00 0.18 1.97
627,0.021902,30.743072,4.128398,41.5,52.5,,train,4,0.19 2.00 1.03
628,0.046508,34.419859,7.414946,87.7,97.1,,train,6,2.00 2.00 1.85
632,0.027084,32.282955,5.437164,45.0,64.3,,train,4,0.71 2.00 1.36
635,0.041607,21.911532,4.202613,23.8,59.8,,test,2,2.00 0.88 1.05
639,0.026899,24.807534,9.90267,74.1,62.1,,test,5,0.69 1.26 2.00
641,0.048955,19.116767,1.668984,33.6,45.7,,train,3,2.00 0.57 0.00
647,0.034538,30.102392,4.394008,40.2,71.0,,train,4,1.45 2.00 1.10
650,0.011518,12.312511,2.239866,10.5,1.2,,train,2,0.00 0.00 0.12
658,0.048741,15.65083,8.957866,79.2,71.8,,train,5,2.00 0.18 2.00
660,0.043181,23.089089,4.446184,26.2,62.5,,train,2,2.00 1.01 1.11
661,0.049003,17.056562,3.260426,33.8,49.7,,train,3,2.00 0.34 0.63
669,0.040606,11.667347,8.3999,66.8,70.0,,train,5,2.00 0.00 2.00
670,0.028814,11.202308,3.66042,21.0,13.5,,train,2,0.88 0.00 0.83
674,0.040776,16.794663,2.616479,24.6,46.2,,test,2,2.00 0.31 0.31
678,0.012303,13.847988,5.920115,20.0,24.4,,train,2,0.00 0.00 1.48
679,0.041098,34.425792,7.383674,77.2,96.9,,train,6,2.00 2.00 1.85
682,0.027923,32.340881,8.224112,53.9,77.9,,train,4,0.79 2.00 2.00
685,0.042323,34.914141,6.537054,72.4,92.7,,test,6,2.00 2.00 1.63
690,0.015249,23.242849,8.00186,26.5,50.7,,train,2,0.00 1.03 2.00
692,0.03532,33.102693,6.077142,53.8,81.0,,train,4,1.53 2.00 1.52
694,0.01972,30.830109,9.303608,41.7,70.0,,train,4,0.00 2.00 2.00
695,0.041818,17.575438,1.51048,27.9,44.0,,train,2,2.00 0.40 0.00
698,0.036326,33.266062,9.87803,91.9,92.7,,test,6,1.63 2.00 2.00
702,0.043009,23.761794,8.911992,78.3,82.2,,test,5,2.00 1.11 2.00
707,0.029886,30.394235,6.220346,44.4,71.0,,test,4,0.99 2.00 1.56
710,0.047959,14.151313,6.703909,71.2,63.7,,train,5,2.00 0.02 1.68
711,0.0439,11.527617,3.577295,29.5,47.9,,test,2,2.00 0.00 0.79
718,0.034347,34.645133,8.573642,76.5,88.7,,train,6,1.43 2.00 2.00
728,0.048014,14.940981,1.473779,38.1,41.0,,train,3,2.00 0.10 0.00
729,0.012897,14.512956,1.53378,11.1,0.6,,train,2,0.00 0.06 0.00
733,0.025312,31.704232,7.931182,44.3,75.0,,train,4,0.53 2.00 1.98
735,0.03571,14.06345,8.507129,58.3,61.5,,train,5,1.57 0.01 2.00
742,0.023844,19.091134,9.987384,20.0,49.5,,train,2,0.38 0.57 2.00
746,0.021865,17.386698,3.45996,19.8,10.8,,train,2,0.19 0.38 0.73
752,0.039338,31.969231,6.184728,58.1,89.6,,test,4,1.93 2.00 1.55
764,0.047801,32.894706,2.212442,45.8,71.1,,train,4,2.00 2.00 0.11
774,0.033261,30.042107,3.743914,40.1,65.2,,train,4,1.33 2.00 0.87
796,0.039388,32.638471,7.198908,69.7,94.8,,train,6,1.94 2.00 1.80
797,0.03991,30.884313,7.038959,66.5,95.0,,test,6,1.99 2.00 1.76
803,0.043436,11.702726,1.024311,37.7,40.0,,train,3,2.00 0.00 0.00
805,0.031344,33.384454,5.529375,48.6,70.3,,train,4,1.13 2.00 1.38
807,0.011023,21.134663,3.664575,22.3,13.0,,train,2,0.00 0.79 0.83
808,0.041868,10.364179,7.393822,59.3,67.0,,train,5,2.00 0.00 1.85
810,0.038437,31.657311,8.48791,78.5,96.9,,train,6,1.84 2.00 2.00
812,0.030379,20.378123,6.255008,25.8,41.3,,train,2,1.04 0.71 1.56
813,0.039887,10.358273,2.887979,30.0,44.1,,train,3,1.99 0.00 0.44
816,0.041589,30.490239,6.540508,64.1,92.7,,train,4,2.00 2.00 1.64
824,0.035582,10.308526,1.354686,33.0,26.7,,train,3,1.56 0.00 0.00
830,0.04121,31.370144,8.40266,81.5,100.0,,train,6,2.00 2.00 2.00
831,0.023204,33.810383,2.968663,47.6,48.0,,train,4,0.32 2.00 0.48
834,0.044451,14.854072,3.484775,26.9,48.4,,train,2,2.00 0.09 0.74
836,0.04765,10.183354,3.287599,36.6,46.4,,test,3,2.00 0.00 0.64
838,0.049685,23.832266,9.694899,83.8,82.4,,test,5,2.00 1.12 2.00
843,0.027818,12.838516,9.810367,65.8,47.8,,train,5,0.78 0.00 2.00
846,0.011725,30.558478,7.564835,41.1,67.8,,train,4,0.00 2.00 1.89
847,0.032958,32.569095,9.675494,86.4,85.9,,train,6,1.30 2.00 2.00
852,0.023431,21.35696,6.437041,22.7,37.6,,train,2,0.34 0.82 1.61
854,0.048383,33.423197,6.422733,86.5,92.1,,train,6,2.00 2.00 1.61
855,0.033685,34.600788,1.641907,49.2,57.4,,train,4,1.37 2.00 0.00
864,0.029784,33.201294,5.058166,46.5,65.1,,train,4,0.98 2.00 1.26
870,0.03598,18.278662,9.392888,71.0,66.7,,test,5,1.60 0.48 2.00
881,0.049889,12.86884,7.389145,79.7,66.9,,train,5,2.00 0.00 1.85
884,0.025674,11.274372,8.589358,23.9,45.7,,train,2,0.57 0.00 2.00
897,0.025154,34.040395,4.648636,48.1,58.4,,train,4,0.52 2.00 1.16
905,0.045113,30.261705,7.904513,82.8,99.5,,train,6,2.00 2.00 1.98
911,0.010715,14.530639,2.379665,12.9,2.4,,test,2,0.00 0.06 0.19
923,0.048514,10.276964,1.20344,39.6,40.0,,test,3,2.00 0.00 0.00
927,0.045634,13.189254,5.207895,30.2,56.0,,train,2,2.00 0.00 1.30
945,0.029549,11.082882,9.950732,77.4,49.5,,train,5,0.95 0.00 2.00
952,0.037745,13.262614,8.207285,59.0,65.5,,train,5,1.77 0.00 2.00
954,0.038691,17.932637,6.427035,39.6,63.0,,train,2,1.87 0.44 1.61
955,0.040585,32.79899,8.227506,81.0,100.0,,train,6,2.00 2.00 2.00
963,0.028812,12.28272,8.496839,37.7,48.8,,train,2,0.88 0.00 2.00
964,0.028352,17.96724,9.884511,72.1,52.8,,train,5,0.84 0.44 2.00
965,0.049346,12.616899,3.861638,37.3,49.3,,train,3,2.00 0.00 0.93
971,0.034001,19.041177,9.296103,66.5,63.6,,train,5,1.40 0.56 2.00
981,0.026907,30.209872,2.062491,40.4,47.2,,train,4,0.69 2.00 0.03
986,0.028471,14.115513,6.199622,22.9,33.2,,train,2,0.85 0.01 1.55
1000,0.046985,10.365225,1.185791,39.1,40.0,,test,3,2.00 0.00 0.00
