label,category,IP_target
BenignTraffic,Benign,0
DictionaryBruteForce,BruteForce,60
DDoS-ACK_Fragmentation,DDoS,100
DDoS-HTTP_Flood,DDoS,100
DDoS-ICMP_Flood,DDoS,100
DDoS-ICMP_Fragmentation,DDoS,100
DDoS-PSHACK_Flood,DDoS,100
DDoS-RSTFINFlood,DDoS,100
DDoS-SYN_Flood,DDoS,100
DDoS-SlowLoris,DDoS,100
DDoS-SynonymousIP_Flood,DDoS,100
DDoS-TCP_Flood,DDoS,100
DDoS-UDP_Flood,DDoS,100
DDoS-UDP_Fragmentation,DDoS,100
DoS-HTTP_Flood,DoS,100
DoS-SYN_Flood,DoS,100
DoS-TCP_Flood,DoS,100
DoS-UDP_Flood,DoS,100
Mirai-greeth_flood,Mirai,100
Mirai-greip_flood,Mirai,100
Mirai-udpplain,Mirai,100
Recon-HostDiscovery,Recon,30
Recon-OSScan,Recon,30
Recon-PingSweep,Recon,30
Recon-PortScan,Recon,30
VulnerabilityScan,Recon,30
DNS_Spoofing,Spoofing,60
MITM-ArpSpoofing,Spoofing,60
Backdoor_Malware,Web,100
BrowserHijacking,Web,60
CommandInjection,Web,60
SqlInjection,Web,60
Uploading_Attack,Web,60
XSS,Web,60
