NP,Rate,We,IP
8.62,0.3,28.12,59.9867
7.85,2.1,195.58,71.4014
6.49,9,132.08,20.2167
6.71,0.6,162.95,30.8345
2.32,794.7,14.12,84.6745
2.52,1359.5,167.7,59.7504
3.14,16,35.86,60.1593
12.97,0.7,138.13,36.2754
2.81,77.5,5.01,60.0972
14.36,249.7,0.13,78.2905
6.82,439.6,166.27,70.3108
0.54,123.7,116.09,60.6309
11.93,1.3,96.11,60.0091
14.04,256.2,152.98,69.2837
2.4,658,222,62.988
14.92,0.4,46.34,71.7863
13.47,18.3,28.18,60.1753
14.98,902,245.11,85.6752
14.51,290.6,7.13,78.8376
3.03,18.2,143.46,13.0933
12.77,49.1,242.61,63.501
14.08,0,85.19,61.4281
3.02,1234.8,0,87.7412
3.53,0.2,140.43,13.8433
5.64,6.2,174.61,62.0457
11.63,3.6,135.41,30.0453
7.71,81.3,192.05,74.1259
12.66,6.6,105.75,59.5772
6.4,31.8,43.77,60.0653
0.83,2,202.6,49.9874
2.71,43.2,75.49,60.135
9.5,6.9,88.26,60.0438
2.12,558.6,198.33,61.5024
10.29,1201,197.09,85.7825
12.41,12.7,240.48,60.1275
10.24,11.6,234,60.5573
8.38,6.9,72.19,60.0293
13.98,74.4,236.28,82.3915
11.71,44.8,19.05,60.0346
13.87,5.1,221.26,60.0355
0.07,26.6,82.84,60.1411
12.13,1864.9,22.6,84.5758
2.18,1.5,69.16,60.1453
8.96,6,68.32,60.0185
8.56,2.6,183.53,65.3709
9.71,13.7,138.28,29.4719
2.87,264.8,245.67,65.2265
5.78,269.3,67.28,62.601
14.77,32.1,87.05,71.6064
2.6,60.2,168.54,42.8475
5.98,17.1,155.48,19.8595
2.24,2.5,83.96,60.1884
2.21,46.8,36.96,60.1098
8.88,357.5,95.02,79.206
6.65,4.4,17.71,60.0258
9.24,5.2,136.95,29.2091
14.56,1853.4,244.28,87.3833
8.32,110.2,3.48,60.2625
13.43,91.5,220.76,85.686
0.74,62.5,5.55,60.0912
2.78,1.9,58.31,60.1199
0.38,10.6,108.19,58.0413
12.8,3.9,172.04,59.0855
1.43,46,24.31,60.1246
8.41,28.6,205.7,68.2306
1.34,1583,109.95,70.2363
2.26,0.1,248.14,62.3242
10.86,2.3,204.45,60.0654
7.74,32.7,145.67,27.724
1.32,492.4,172.32,59.2233
10.81,13.7,225.09,60.4433
7.27,14.4,123.12,28.0781
13.74,44.5,201.4,62.1028
3.54,2754.1,127.25,59.8482
2.51,97.2,68.95,60.1694
3.37,34.2,76.41,60.129
5.71,252.7,74.04,61.243
10.02,3.3,170.15,55.0455
4.33,39.7,185.73,71.3744
6.18,2.4,243.85,74.9915
7.56,162.3,37.42,60.3115
0.31,0.4,100.14,60.0451
5.81,1.6,197.46,75.0137
3.78,130.3,103.33,60.8716
0.35,7.5,206.3,49.9777
14.82,8.2,52.13,71.2585
3.62,666.4,79.34,81.7002
11.84,83.2,97.91,71.2422
6.38,1771.4,50.76,85.4398
0.64,684.9,181.34,54.6889
3.64,684.3,23.91,83.5464
5.4,35.7,204.17,75.5096
11.52,30,233.27,61.1393
7.77,3.8,216.59,71.8885
13.3,0.7,71.25,60.0357
6.11,134.8,212.95,76.8691
12.42,127,47.25,74.8062
7.38,460.2,109.15,71.8287
13.23,2055.1,129.86,72.9878
11.3,1744.6,231.29,85.6578
11.92,1076.9,212.6,84.057
10.88,13.3,151.9,32.3609
4.64,2.7,172.85,49.7234
5.88,65.3,11.96,60.1235
12.82,0.7,120.51,33.2195
0.12,2.8,208.88,50.0173
9.63,1833.8,125.9,59.891
8.68,1402.7,50.55,80.9155
4.26,717.6,179.63,65.5757
5.28,1.2,31.35,60.0861
14.75,1626.4,175.32,82.6676
9.87,2496.4,65.68,77.9723
12.04,231.4,114.78,43.9261
6.78,165.8,137.66,27.0321
7.57,311,87.75,76.1732
7.22,7.9,99.02,60.0496
5.25,133.8,148.09,51.75
13.72,500.8,72.71,81.4747
12.75,1581.1,10.48,85.9668
8.85,29.3,114.58,44.5587
3.73,438.7,124.09,59.978
1.01,0.3,180.52,50.0063
14.48,2.6,210.04,60.0117
3.42,1201.9,147.73,59.9776
6.31,109.8,187.43,76.4787
1.38,53.3,189.43,50.4985
3.86,0.4,132.43,14.4235
3.34,79.8,130.14,56.299
10.11,1936.2,144.74,61.9514
5.31,2148.6,41.9,85.1915
10.76,1154.9,74.82,80.7642
2.04,58.6,176.48,49.9868
14.61,1254.4,0,87.8363
6.25,17.8,59.17,60.064
13.41,5.3,224.29,60.0515
8.43,2225.6,107.5,74.3141
0,169.9,29.27,60.2489
5.18,21.3,155.83,18.133
7.32,73.8,122.75,24.0875
4.19,2.1,166.54,33.2179
0.48,34.1,206.63,49.9908
12.5,20.2,63.1,60.0371
4.82,1.7,35.05,60.1609
9.05,1.9,42.53,60.0141
2.65,587.7,234.99,64.1702
4.92,993.4,64.08,83.8658
10.22,0.6,101.13,60.0003
1.93,123.3,89.34,60.4497
4.08,22.7,222.84,70.8978
14.71,0,230.9,60.0069
13.33,298.7,224.78,78.9897
14.66,1.4,60.08,69.5571
5.85,10.8,165.72,34.9944
4.23,15,108.92,57.9355
10.51,1457.3,62.16,80.0072
0.3,1705.6,162.84,59.9266
4.76,468.7,161.13,59.9653
5.67,9.3,55.45,60.1093
8.09,55.7,62.96,60.1066
7.16,519.5,110.46,69.0938
9.48,1.1,8.79,59.9989
1.59,48.6,219.08,55.6159
5.16,274.1,141.19,55.8994
12.16,2648.9,6.36,79.668
7.43,2558.9,58.41,80.7891
5.75,17.5,124.84,21.6128
11.74,3.6,77.68,60.0238
5.58,15.3,228.86,75.2174
12.27,27,164.97,52.4745
5.56,1.9,188.63,75.047
6.17,198.2,94.47,61.3327
9.2,10.5,10.9,60.0328
13.81,159.1,84.17,76.9928
0.97,128.8,64.67,60.1802
6.04,1487.8,164.51,63.7993
14.23,61.2,92.6,66.9279
9.1,0.2,98.66,60.0039
0.18,413.9,163.64,59.9111
11.54,2928.1,91.81,76.0096
3.76,15.1,180.04,51.2742
4.59,2539.7,7.4,80.9845
9.28,3.2,134.41,29.0382
2.89,193.3,79.69,60.6656
3.02,648.2,2.29,83.1509
5.06,410.3,209.21,75.3249
0.49,2778.9,8.16,78.0158
14.97,0.1,214.2,60.0261
14.86,1.6,202.98,60.0257
1.54,0.1,30.13,60.1834
2.07,0.4,171.2,48.1957
10.35,1024.4,118.95,60.2917
9.68,153.7,205.41,77.343
2.63,6.5,65.32,60.1612
9.41,2,213.93,60.2347
7.25,100.4,246.05,76.2215
2.93,176.4,2.22,60.1541
1.04,52.1,94.12,60.1874
11.21,952.4,128.27,59.4497
10.32,14.6,217.71,60.7749
7.92,9.6,84.64,60.0277
8.28,0.9,136.35,28.2687
2.11,12,1.95,60.1403
6.12,136.8,56.3,60.1971
4.14,11.9,189.69,70.9587
8.65,31.3,211.55,65.9269
1.39,176.8,146.01,59.7275
2.98,49.9,182.61,49.9975
10.56,78.8,25.93,61.0389
0.15,202.4,193.16,50.4491
3.44,0.7,89.88,60.1442
6.88,5.8,57.64,60.0196
8.5,4.6,22.41,60.0117
13.15,748.8,198.78,84.2215
5.07,41,194.95,75.3653
8.82,365.8,15.92,79.7969
7.6,4.4,186.22,72.7032
10.76,18,20.06,59.9958
8.92,2831.2,225.44,77.3186
6.27,237,23.17,60.7044
14.23,26.1,190.89,60.5691
9.82,2080.7,48.32,78.0562
10.52,4.2,185.25,60.1337
0.71,479,161.66,59.9068
7.02,597.6,239.44,82.6141
10.15,21,149.33,31.6091
3.94,1.8,123.77,20.5295
0.74,946.4,247.6,54.9682
10.97,761.5,133.83,61.0342
14.14,0.6,170.63,59.1208
0.77,12.2,196.54,50.1841
13.61,184.8,96.9,77.2326
1.29,19.2,184.31,49.978
7.65,727.5,153.98,61.0605
2.84,0.3,39.88,60.1618
9.77,16.5,194.39,61.7212
0.65,1335.5,111.15,67.4488
1.48,13.8,100.84,60.0472
12.31,3.5,175.82,59.8352
9.95,5.5,119.81,32.9362
9.6,1159.9,56.5,78.635
9.18,107.7,142.27,16.219
8.02,0.9,102.32,59.9429
14.31,1656.8,80.4,81.5563
13.12,5.8,131.6,34.5437
9.45,54.6,200.69,61.4059
12.09,5.6,42.04,59.9981
4.35,24.7,145.06,13.4836
1.7,327,12.3,78.3287
12.62,23.4,176.75,60.5475
11.42,7.6,70.19,60.0308
7.08,57.3,234.23,75.1065
8.15,115.4,89.04,60.413
1.23,224.2,49.81,60.4544
11.14,820.1,44.86,81.8941
4.99,5.1,215.6,75.0659
6.06,889.7,46.05,85.5814
11.17,609.9,25.43,81.978
8.46,189.4,20.51,60.6628
4.37,166.2,81.25,60.5398
2.7,316.8,133.6,59.8911
8.89,1,125.37,29.3807
5.61,836.4,134.98,60.012
2.45,562.3,248.59,63.2327
7.98,2396.2,39.25,82.5459
5.36,1181.9,174.71,72.0395
9.5,140,145.72,15.6146
13.91,527.1,44.45,81.7885
13.59,10.3,150.58,53.0754
12.38,98.8,102.51,73.6694
13.66,150.8,151.32,60.8938
6.48,7,97.52,60.0352
12.47,1.4,43.04,60.0119
6.59,293.5,148.95,57.6577
8.36,1.2,153.2,28.4377
4.61,7.4,90.7,60.1623
7.78,852.1,139.11,60.1146
11.11,2.9,213.42,60.037
5.76,398.9,52.26,80.244
14.41,0.3,178.52,59.9442
3.26,373.3,208.15,66.9152
10.43,9.7,229.98,60.4018
7.83,1449.9,112.85,62.7408
14.68,16.4,243,60.1375
5.49,1280.1,226.34,77.2197
7.46,85.2,232.31,74.9224
4.54,40.2,158.12,20.3063
5.47,737.5,147.34,60.2499
4.89,2120.8,160.75,59.9947
4.9,283.5,76.88,67.5311
11.48,1518.9,33.21,82.8268
14.35,1.3,78.88,65.6621
12.67,3,218.45,60.0159
14.69,21.8,246.45,60.2137
6.21,4.9,164.26,32.5727
6.83,19.6,93.38,60.0617
9.15,260.2,192.75,78.5074
11.44,0.6,220.14,60.0034
4.83,65.9,10.14,60.0838
2.47,212.8,15.02,60.3084
1.55,2.9,104.21,59.5346
6.74,1.2,9.27,60.0211
14.6,1123.5,238.52,87.2537
2.97,12.5,117.61,33.0021
2.01,57.8,21.82,60.0757
12,618.9,118.5,70.3514
7.99,0.9,101.9,59.9446
5.2,87.6,169.43,50.7935
1.9,622,29.09,82.8494
11.56,2.3,63.82,59.9946
0.2,788.3,244.44,53.1936
14.55,101.9,96.42,76.2813
7.29,2691.5,141.48,60.6363
10.6,3.2,92.74,60.0525
12.93,29.4,210.24,60.5336
14.79,24,86.36,71.5136
11.67,41.4,192.14,62.2266
13,340.6,157.52,78.9346
1.76,67.9,184.64,49.9765
12.53,86.4,162.15,47.5478
1.72,10,66.82,60.1744
10.4,697.2,195.71,83.6704
9.11,23.9,229.21,60.4553
8.78,37.7,91.55,60.1574
8.08,22.3,1.41,60.0188
14.2,579.5,223.03,82.3739
12.17,1.7,241.91,60.0054
1.83,206.8,221.42,59.0768
12.7,228.3,140.24,29.8103
4.55,0.1,240.82,73.0765
4.71,18.9,247.22,73.7531
0.6,326,60.6,78.2304
0.44,8.6,73.12,60.1727
9.02,2.5,117.18,36.4408
13.93,146.7,152.15,66.919
2.28,222.3,158.92,59.8326
13.17,1309.9,40.15,86.5266
11.25,139.2,67.84,69.7367
6.62,11.5,147.81,21.2695
9.15,17.4,0,59.9906
3.81,304.5,156.63,59.7422
1.63,1,178,49.9988
10.06,0.5,36.11,59.9824
14.01,24.8,53.75,61.7453
3.41,1.5,197.91,67.3414
13.78,1221.7,95.39,79.2761
4.7,11,116.8,35.7203
9.32,372.3,214.69,79.9014
13.84,934.1,154.92,79.0637
7.19,392.4,228.29,80.1583
3.08,1043.2,49.46,85.609
9.86,4.3,81.85,60.0176
10.39,82.1,130.81,18.5742
13.62,33.2,132.76,41.5715
7.95,1237.1,111.25,67.192
13.54,47.6,143.75,50.0253
2.93,105.3,13.79,60.0999
9.92,0.5,188.41,60.0691
13.04,182,119.94,30.1322
5.12,2873.3,231.79,75.5799
11.37,30.6,136.19,29.7379
3.67,1688,154.66,59.9726
10.66,1.6,83.16,60.0383
14.16,11.3,129.49,50.1662
2.58,3.7,47.09,60.164
8.98,980.4,99.78,78.4382
12.35,20,15.47,60.0498
0.9,16.9,243.54,55.1941
7.11,912.9,105.28,76.356
8.72,68,87.46,60.2015
1.09,6.7,18.31,60.145
1.66,1093.9,211.89,59.3977
5.43,1.3,158.81,21.0736
11.61,118.8,179.18,82.9297
9.98,0.4,139.47,29.641
3.06,4,143.12,13.3424
1.12,38.2,78.19,60.1389
3.57,2.3,191.34,67.9026
7.04,113.1,16.57,60.1195
9.71,27.7,24.6,60.0325
0.57,203.3,150.95,59.7463
3.12,246.7,121.62,60.0248
0.04,34.9,168.89,42.3968
15,189.9,240.99,87.1208
5.04,771.7,104.8,76.6802
8.2,50.5,12.91,60.0562
7.53,1060.2,238.74,85.1751
4.97,1924,27.04,86.9829
11.81,36.2,237.29,61.4845
0.92,3.4,11.41,60.1555
13.22,1776.2,235.61,86.8366
14.89,92.1,219.75,85.7802
11.22,0.1,85.86,59.9991
11.03,548.1,40.8,81.5058
10.19,344.2,223.69,79.5858
1.85,387.3,36.83,80.0856
0.89,1553.8,237.94,55.7399
5.34,429.4,80.86,80.5935
2.37,502,173.68,58.8071
8.52,8.1,61.33,60.025
7,156.7,113.29,50.3918
11.8,1.1,230.37,60.064
8.76,816.6,32.28,80.727
11.06,75.7,38.87,65.1275
7.9,2319.2,182.95,83.4908
10.83,0.2,240.2,60.0357
3.71,69.2,186.69,67.5856
4,242,1,60.8385
13.71,14.2,207.39,60.1384
6.52,473.9,54.99,81.1385
6.57,450.1,177.31,80.2953
3.5,103.3,146.74,59.5208
8.59,143.5,138.61,15.9081
13.03,88.7,227.23,85.3913
1.15,117,114.07,60.9211
11.32,0.9,76.16,60.0086
13.07,3.2,54.05,60.0611
10.47,180.4,41.42,65.5475
14.27,54.7,74.3,67.1799
1.62,353.5,26.22,79.5361
1.99,513.9,187.62,51.2986
7.38,6.3,117.87,34.8915
6.68,8.4,159.47,27.2939
6.44,43.4,8.65,60.1193
2.36,7.2,207.94,61.0611
9.72,7.9,142.48,29.9074
9.47,1394.5,238.29,88.0753
12.26,18.7,181.44,60.3659
11.97,0.7,4.44,60.0078
5.93,13.1,217.85,75.1419
6.35,1830.8,200.06,80.8626
14.46,2346.9,199.53,83.2286
1.07,39,103.78,60.0456
2.76,1110,241.57,64.705
3.87,63.9,249.5,69.8988
0.22,25.6,106.74,59.3822
4.17,0.8,160.04,21.2943
9.27,1369.6,70.71,79.4495
3.29,15.6,14.63,60.164
3.41,0.5,61.54,60.1621
10.14,0.2,45.24,59.9983
1.96,25.9,21.49,60.1479
7.47,1275.2,18.46,83.6651
6,16.1,48.93,60.0719
8.14,1989.9,5.8,82.171
12.85,173.9,34.24,76.486
11.76,4.1,31.02,60.0232
4.49,4.5,249.45,72.7736
9.56,149.2,52.97,60.9812
10.92,71.6,201.06,76.5247
3.21,2.2,73.36,60.1726
12.59,51.4,128.02,28.685
9.37,336.8,30.58,78.6527
6.97,28.2,216,74.7737
12.89,9.2,182.35,60.0767
10.7,216.4,121.99,24.3881
9.78,13,210.79,61.1412
4.05,2023.1,27.17,86.2894
5.93,277.2,193.95,78.6962
11.4,0,106.13,59.4146
11.08,141.6,51.3,68.5676
5.52,93.6,149.7,44.7178
0.43,1.5,157.13,18.425
3.24,8.8,121.06,24.3868
0.82,383.9,126.04,59.9264
13.25,2.7,173.3,59.4828
10.99,5,232.79,60.126
13.39,542.9,32.09,81.9607
3.93,6.1,17.27,60.1341
11.89,1411.3,227.69,83.9649
7.66,36.6,3.01,60.0439
12.06,22.8,19.64,60.0412
4.4,120.3,243.27,72.341
10.68,307,111.81,60.603
13.34,214.7,203.66,85.2557
9.59,42,57.37,60.0476
13.52,635.6,59.87,83.0467
10.63,1009.2,217.2,86.5752
1.46,2594,128.92,59.9174
8.23,0.3,34.34,60.013
14.57,2994.6,66.52,75.165
4.12,4.7,167.52,36.1481
3.17,95.4,169.99,59.4617
12.56,63.5,144.21,32.9
1.19,70.5,3.86,60.0781
14.08,1,90.34,61.5167
8.27,2284.2,226.46,83.8751
12.21,2183.2,112.42,73.6451
4.29,0.2,107.6,57.3216
9.38,421.6,38.15,79.2133
14.43,2438.1,115.51,75.885
10.04,191.9,126.9,22.398
1.8,2239.3,236.06,60.0821
3.99,5.5,190.06,70.1718
4.43,3,54.49,60.1505
6.91,8.7,237.14,74.5092
6.94,0.8,202.27,74.3727
4.78,4,33.65,60.1741
0.25,9.8,47.65,60.1714
4.46,20.8,69.76,60.1423
1.25,873,82.18,81.3035
