EC,TP,Lat,SR
0.048,22.07,7.51,78.6
0.0144,24.39,9.62,31.9
0.0472,14.04,7.82,76.1
0.0414,12.45,5.52,34.4
0.0404,32.67,2.47,41.6
0.0152,21.93,8.66,28.8
0.0456,28.11,8.02,78.5
0.042,27.99,7.99,69.4
0.0106,10,1,1.9
0.0234,12.93,6.53,26.5
0.0431,32.06,3.8,40.7
0.0313,11.85,8.9,49.1
0.0149,33.67,6.95,43.8
0.0182,23.22,6.92,30.3
0.034,27.87,7.39,47.2
0.0239,19.51,1.36,25.6
0.0469,13.68,1.79,38
0.0124,11.22,1.67,5.2
0.0331,10.79,8.22,44.5
0.0258,15.22,3.08,25.5
0.0137,16.63,1.22,12.3
0.0166,19.04,2.29,24.6
0.0227,18.13,5.92,26
0.0154,12.26,5.45,26.2
0.0211,24.33,1.29,30.9
0.0294,25.79,4.75,32.6
0.0189,34.9,2.59,45.1
0.023,24.8,9.02,32
0.0346,28.92,6.54,43.6
0.0113,25.19,5.25,31.5
0.0201,32.73,8.96,41.3
0.0443,32.53,5.74,56.1
0.0492,29.52,1.34,37.7
0.0295,22.16,4.7,29.7
0.0164,21.8,1.53,28.7
0.0289,20.16,4.83,26.2
0.0184,17.27,7.07,26.1
0.05,10,1.15,40
0.0229,23.83,1.08,30.8
0.0315,23.74,7.37,39.1
0.0263,25.34,2.16,31.6
0.0456,29.01,8.27,81.3
0.0298,21.05,4.36,26.9
0.0351,30.76,5.55,41.8
0.0474,11.48,1.19,39.2
0.0248,11.72,7.1,26.3
0.0386,19.58,2.96,26.8
0.0169,28.28,4.91,35.4
0.0293,16.81,2.76,27.2
0.0401,20.85,6.17,40.2
0.0323,24.25,9.77,78.2
0.0122,26.88,5.11,34.1
0.046,29.46,9.83,90.8
0.0266,15.1,7.15,28
0.0262,25.98,8.93,39.7
0.0381,13.1,4.25,27.1
0.0254,31.16,9.1,43.3
0.0122,26.58,5.33,33.6
0.0497,28.78,7.49,89.4
0.0278,14.69,4.3,26.3
0.0379,14.4,3.7,27.8
0.0394,34.31,2.62,45
0.0444,29.91,3.93,38.1
0.0251,20.56,5.07,26.6
0.0206,32.28,2.11,40.8
0.0427,26.81,8.81,78.4
0.0495,21.88,1.14,28.2
0.0181,30.37,2.82,38.1
0.0239,19.34,8.5,25.8
0.0269,24.76,9.07,43.4
0.0497,18.83,4.59,30.3
0.042,13.42,1.84,35.4
0.0429,20.8,3.2,27.2
0.0184,17.61,9.48,25.3
0.0375,17.79,1.38,29.8
0.0192,15.46,3.84,24.2
0.0276,20.12,5.77,27.1
0.0358,14.42,8.6,55.6
0.0276,33.79,4.28,44.1
0.0351,31.38,2.66,40
0.0165,28.98,7.25,36.5
0.0116,22.94,3.37,29.8
0.0178,19.77,5.21,26.5
0.0441,10.95,9.22,80.1
0.0443,29.83,8.83,83.4
0.0317,18.89,6.3,30.8
0.0469,32.96,4.34,42.3
0.0451,20.76,7.85,71.1
0.0281,25.25,8.03,39.2
0.0282,18.58,8.16,34.9
0.0183,24.46,8.11,31.6
0.0311,33.72,1.54,43.1
0.0347,14.46,7.36,39.3
0.0473,31.87,2.71,41
0.0449,13.59,1.87,37.7
0.0383,12.31,3.17,30.6
0.0159,23.05,9.17,29.2
0.0306,26.6,2.07,33.5
0.0314,20.65,8.41,43.2
0.0163,20.02,6.38,26
0.0425,14.57,6.63,47.5
0.0217,16,4.79,25.8
0.0221,13.84,2.05,22.3
0.0119,20.59,4.72,27.1
0.0488,16.29,5.78,68.8
0.0299,31.82,9.64,75
0.011,33.63,7.1,42.8
0.044,13.3,2.15,36.1
0.0374,29.54,6.32,45.6
0.0271,18.39,7.03,28.4
0.0385,20.28,9.73,80.9
0.0483,28.65,2.7,35.5
0.0183,19.39,3.85,26.2
0.0353,22.21,8.58,56.3
0.0237,31.03,8.77,39.9
0.0336,28.59,1.94,36.2
0.0135,31.34,3.37,40.3
0.0403,27.43,7.21,56.2
0.0223,15.21,6.77,26.1
0.0349,12.73,4.43,26.6
0.0328,16.5,2.51,27.4
0.0156,10.16,8.47,26
0.0126,30.42,9.25,38.4
0.0138,33.43,4,42.7
0.0203,13.76,6.83,26.1
0.0452,11.61,8.45,75.7
0.0104,21.56,1.64,28.5
0.0357,25.72,3.95,33
0.0124,34.56,8.2,44.7
0.0354,18.29,5.59,29.6
0.0105,16.73,8.33,26.2
0.0168,27.54,2.98,34.8
0.0195,17.48,5.14,25.9
0.0252,16.55,3.12,25.8
0.0258,17.65,9.87,56.7
0.0439,32.47,1.32,41.7
0.0139,25.41,8.64,32.6
0.0207,22.39,1.47,29.6
0.0349,16.14,7.54,41.7
0.0269,31.93,6.1,42.3
0.0319,10.61,6.46,30.7
0.0172,25.12,6.65,31.2
0.032,20.4,7.33,35.2
0.0139,20.35,2.9,27.1
0.0267,12.68,5.9,27.5
0.019,21.77,7.81,28.9
0.011,21.31,3.32,28.6
0.0115,33.33,7.73,43.3
0.0322,34.92,8.72,64.1
0.0296,30.06,9.42,65.1
0.0401,33.94,9.57,89.3
0.0205,31.97,2.12,40.5
0.0318,12.37,5.48,28.1
0.0448,17.39,1.16,36.2
0.0377,30.51,1.57,39.2
0.0343,33.03,2.01,42
0.0402,22.8,5.36,35.1
0.0447,17.2,5.82,45.7
0.0255,29.04,6.62,36.6
0.0451,22.12,2.94,29.2
0.0337,13.53,5.31,27.1
0.0135,25.78,7.89,32.6
0.0189,21.7,1.63,28.3
0.0195,25.55,4.41,32.4
0.0245,23.96,9.18,31
0.0161,11.3,4.21,22.1
0.0308,18.6,3.4,25.7
0.0283,32.45,1.82,41.8
0.0438,12.6,9.44,81.9
0.0358,29.29,3.94,37.3
0.0267,14.31,6.68,28.4
0.0211,14.72,5.04,26.3
0.0142,34.21,1.77,44.7
0.0143,14.06,9.03,26.2
0.0213,29.34,2.36,37.1
0.0366,24.52,6.05,38.2
0.0496,15.75,2.69,38.7
0.0316,16.6,9.51,63.8
0.0413,26.19,3.02,32.9
0.0388,27.08,7.48,55.1
0.0314,32.37,9.28,68.4
0.0338,19.72,5.46,28.3
0.01,25.66,7.27,32.5
0.0463,18.31,9.97,85.4
0.0377,18.99,5.86,34
0.039,11.36,5.43,31.4
0.0271,32.26,1.1,41
0.0192,18.76,7.69,25.6
0.0324,13.28,1.44,31.3
0.0352,10.56,4.17,27.7
0.0406,31.75,7.75,67.2
0.0356,28.85,8.87,66.9
0.0293,21.69,3.63,28.5
0.0446,13.72,2.81,34.5
0.0491,24.53,8.01,85.8
0.031,33.86,4.19,43.3
0.0201,20.53,9.31,27.1
0.0409,17.12,2.99,29
0.0375,23.31,1.28,29.9
0.0277,22.54,5.57,30.3
0.0163,21.19,2.21,28
0.0499,34.73,9.82,96.1
0.032,12.4,4.93,25.9
0.0426,27.96,2.39,35.4
0.0459,21.47,5.73,50.1
0.0395,29.18,9.69,87.1
0.0101,18.21,5.84,26.3
0.0272,11.82,9.55,51.2
0.0136,23.17,4.49,30
0.0128,19.43,9.9,25.9
0.0408,18.67,1.59,29.2
0.0318,28.21,3.54,35.8
0.0273,15.56,7.63,30.4
0.0498,20.5,10,85.9
0.0106,27.59,1.06,34.9
0.0257,30.6,7.78,40.6
0.0284,11.64,7.4,31.8
0.0234,18.54,3.43,26.1
0.0117,16.38,9.54,25
0.0458,12.56,3.3,34.7
0.0302,31.14,8.54,53.9
0.016,23.79,6.03,30.8
0.04,18.07,3.41,26.7
0.0494,15.83,4.14,35.8
0.0175,30.58,8.43,38.8
0.0285,24.61,1.89,30.5
0.0151,14.76,3.58,22.7
0.0427,22.87,8.86,76.2
0.0233,26.41,7.63,33.3
0.0461,34.25,9.35,92.7
0.0493,30.33,3.77,38.3
0.0325,34.18,3.14,44.4
0.0362,13.64,7.94,48.1
0.0486,25.15,8.99,87.1
0.0435,25.3,4.61,31.9
0.0334,30.99,5.4,41.5
0.0187,11,6.27,26.7
0.017,22.61,8.13,29.8
0.0361,22.4,9.33,71.7
0.0205,31.49,3.02,40
0.033,27.27,6.79,41.1
0.0306,34,5.19,45
0.0392,15.39,5.65,33.5
0.0251,15.12,6.75,25.8
0.013,15.77,6.57,26.5
0.0111,30.29,1.81,38.2
0.0107,25.93,6.59,32.6
0.0489,33.78,8.55,93.3
0.0252,14.22,1.92,26.2
0.0296,23.51,3.98,30.6
0.012,20.98,3.05,27.9
0.0322,12.13,3.16,28.8
0.0219,14.83,1.95,22
0.0108,25.01,6.44,31.5
0.0308,34.8,1.98,44.8
0.0231,26.39,3.21,33.5
0.0171,29.79,3.56,37.7
0.0147,15.02,7.19,25.6
0.0378,24.09,9.41,76.4
0.0179,20.45,6.98,26.8
0.0301,26.07,6.11,35.4
0.0148,19.22,6.37,26.1
0.0356,27.71,4.4,35.4
0.0255,32.07,6.73,41
0.0371,16.2,5.88,33
0.0335,27.17,6.4,39
0.0389,10.01,1.76,36.2
0.0299,28.57,9.08,58.6
0.0464,31.29,8.69,87.3
0.0194,24.2,8.79,31.3
0.029,33.17,6.21,44.8
0.0384,12.05,7.3,45.4
0.0368,31.54,7.88,59.7
0.0339,12.52,8.07,44.3
0.0113,26.94,5.64,33.6
0.0216,23.68,6.89,30.6
0.0442,15.34,9.8,84.1
0.0158,31.77,5,40.8
0.043,27.12,4.99,33.9
0.0222,34.76,9.29,44.9
0.0226,34.98,9.7,44.9
0.0362,11.12,2.52,31.6
0.0167,20.9,4.47,27.6
0.0179,31.67,1.62,40.3
0.0421,11.56,5.91,40.4
0.0437,34.52,4.95,44.2
0.0405,16.43,1.01,34.2
0.0225,26.23,7.93,32.4
0.0411,17.34,2.24,30
0.0488,18.73,5.12,43.7
0.0455,14.9,4.18,29.3
0.02,28.27,1.04,35.4
0.0341,34.13,7.44,54.5
0.0472,13.94,3.52,34.8
0.0162,28.71,2.48,36.6
0.0476,22.25,8.26,81.3
0.0115,10.46,4.32,18.7
0.0274,17.95,6.7,28.9
0.026,11.02,3.74,26.4
0.0415,27.65,6.8,54.1
0.0491,35,9.93,95.8
0.0458,21.12,6.12,55.1
0.0172,10.3,4.79,24.6
0.0177,26.68,7.42,33.8
0.0146,29.19,6.25,37.6
0.047,19.77,5.8,55.2
0.0393,10.24,7.6,50.9
0.028,26.04,8.36,41.9
0.0216,33.9,6.97,43.7
0.0391,17.17,8.75,66.4
0.0422,27.51,5.68,46.4
0.0191,34.06,9.14,43.5
0.0452,17.89,7.77,69.5
0.0453,32.81,7.46,77.5
0.0342,32.2,1.42,40.5
0.036,16.96,3.24,27.4
0.0229,13.23,7.13,26.8
0.0246,23.39,5.43,30
0.0381,19.27,9.39,74.7
0.0397,12.21,2.3,33.9
0.0364,29.72,8.73,67.2
0.0466,23.06,9.12,84.6
0.0468,20.23,4.66,26.4
0.04,26.71,2.65,33.2
0.0285,32.35,7.55,46.6
0.0259,14.98,3.81,25.9
0.0311,22.57,2.88,30.1
0.0145,14.14,1.9,12.5
0.0123,27.33,1.74,34.2
0.0106,33.53,7,43.1
0.0103,10.81,2.53,7.4
0.0475,20.02,4.6,26
0.0433,13.89,9.59,82.2
0.0153,27,3.26,33.8
0.0132,22.74,6.92,29.2
0.0197,26.33,1.49,33.5
0.0141,16.9,4.01,24.5
0.0217,19.86,6.42,26.4
0.0379,28.03,6.31,44.9
0.0204,10.14,4.56,24.8
0.0242,26.46,9.21,32.5
0.0467,30.2,9.99,92.8
0.025,27.36,7.92,34.5
0.0463,31.63,1.21,40.7
0.0332,16.07,4.24,26.2
0.0409,16.74,8.67,68.6
0.0382,26.55,5.35,37
0.0486,24.03,2.34,31.1
0.0237,22.45,2.46,29.6
0.0264,16.05,2.2,26.3
0.0174,15.62,2.18,19.7
0.0424,30.69,2.27,38.6
0.0482,17.05,8.32,81.2
0.0436,13.07,4.54,27.7
0.0341,33.07,5.51,44.6
0.0213,25.04,7.24,31.6
0.0241,35,4.84,44.7
0.0371,14.17,9.66,78.4
0.0263,18.44,2.84,26.5
0.0477,16.84,2.43,35.4
0.0121,14.51,2.37,13.8
0.0261,27.67,6.07,34.9
0.0353,12.14,1.25,35
0.0326,19.54,5.97,29.3
0.0284,33.57,5.38,43.6
0.0291,11.94,2.08,29.3
0.0256,21.43,5.01,27.8
0.0274,17.73,8.15,33.6
0.0208,34.69,2.58,44.9
0.015,21.38,6.72,28.5
0.0131,18.17,8.59,25.9
0.0428,28.14,1.55,35.3
0.024,32.14,8.63,41.3
0.0224,15.93,8.85,25.5
0.0249,29.67,6.47,36.5
0.0386,34.36,8.24,71.5
0.0133,17.54,1.68,17
0.0278,25.86,4.07,33.5
0.0102,10.51,3.51,11.5
0.0424,21.98,7.97,65.2
0.0326,31.25,7.59,50.1
0.0157,30.95,4.27,39.7
0.0203,27.04,5.29,35.1
0.0198,32.87,6.15,42.2
0.0214,18.93,5.69,25.7
0.0188,13.35,2.86,21
0.0335,24.15,3.27,31.2
0.037,19.08,5.1,27
0.0398,26.12,5.61,40.3
0.0479,30.14,3.6,38.5
0.0462,11.99,9.91,85.2
0.0238,23.6,4.39,30.7
0.0119,22.69,1.73,29.5
0.0372,11.68,1.7,34.1
0.0499,21.28,1.12,27.7
0.0466,28.43,2.77,35.5
0.0268,22.97,9.94,78.1
0.0465,33.44,7.23,80.1
0.0332,11.17,3.65,28.4
0.0345,31.44,8.48,62.3
0.0173,10.36,3.09,16.7
0.0223,24.88,9.61,31.7
0.0434,29.97,5.21,42.6
0.0209,14.29,8.29,26.4
0.0406,30.89,3.1,39.7
0.0417,10.87,4.02,30.9
0.037,29.13,1.38,36.7
0.0265,17.02,2.79,26.4
0.016,24.67,4.1,31.4
0.0338,29.43,1.17,37.2
0.0436,30.02,9.52,87.7
0.049,18.03,4.88,26.9
0.0396,13,3.89,29.1
0.0246,32.92,1.41,42.2
0.022,15.91,6.59,26.4
0.0475,12.84,3.9,34.4
0.0327,13.19,7.31,36.4
0.0244,28.77,6.49,36.1
0.0416,12.95,3.49,30.6
0.0422,15.6,9.02,75.3
0.0116,24.27,9.96,31.3
0.0232,11.1,3.46,24.4
0.0364,10.5,5.94,32.8
0.0388,23.87,5.27,33.7
0.0247,11.92,8.06,26
0.0398,30.82,4.89,38.7
0.0291,21.16,4.67,27.8
0.0347,33.35,4.81,43.1
0.0241,28.39,5.23,35.9
0.0232,17.91,8.39,25.6
0.0482,23.46,4.13,30.4
0.0416,23.33,9.71,85.1
0.0407,10.33,4.94,26.4
0.0143,21.53,2.92,28.1
0.0484,17.56,3.86,31.9
0.0445,33.08,8.97,86.9
0.0373,34.43,9.75,90.3
0.0441,24.87,4.04,31.2
0.0481,16.36,5.07,34.1
0.0431,22.32,3.77,28.9
0.0412,30.7,6.18,52.1
0.0303,15.51,2.41,27.1
0.0344,10.71,6.51,32.9
0.0309,22.85,3.29,29.8
0.0307,32.6,6.23,45
0.0303,16.25,9.26,54.2
0.0219,20.52,5.62,27.4
0.0108,34.62,7.71,45.2
0.013,23.98,1.49,30.6
0.014,10.74,9.37,25.4
0.0478,31.59,5.15,52.1
0.0411,19.92,9.84,84.2
0.0366,27.86,6.23,43
0.0147,24.97,8.09,31.2
0.0186,33.18,4.45,42.5
0.0133,13.44,8.91,26.3
0.0433,12.82,6.88,53.4
0.0418,27.77,3.44,35.6
0.0449,22.04,2.03,29.8
0.0177,25.46,4.09,32.1
0.0498,21.6,6.02,84.5
0.0454,29.85,6.86,68.8
0.03,33.23,2.74,43
0.0125,15.27,2,13.1
0.0304,26.76,1.03,33.8
0.0287,25.61,5.99,34.1
0.0185,19.13,5.05,26.4
0.0128,23.63,7.85,30.3
0.0175,28.36,3.61,35.4
0.0196,20.18,4.63,26.2
0.0112,15.69,6.82,26.6
0.0127,31.1,4.85,39.7
0.0387,10.06,5.71,33.5
0.0485,29.63,3.34,37.3
0.0169,13.97,3.67,22.2
0.0348,30.47,2.22,38.5
0.0418,28.48,4.52,35.8
0.0367,20.99,8.35,56.3
0.0368,11.39,3.73,29.3
0.0243,23.55,7.57,30.6
0.0249,34.46,8.19,44.4
0.0478,14.95,1.26,39.2
0.0279,30.14,7.05,41.1
0.036,20.72,4.75,27.7
0.0236,27.22,5.99,34.7
0.0199,26.25,7.67,33.4
0.0492,19.65,2.32,32.8
0.0151,19.91,4.51,25.4
0.0155,24.71,7.01,31.1
0.0394,17.81,3.69,26.7
0.0288,25.49,7.67,38.6
0.0215,18.48,2.56,24.9
0.0155,19.2,2.62,24.7
0.0331,23.11,8.52,51.1
0.0287,12.78,9.46,55
0.0329,17.32,4.7,26.2
0.0228,29.26,7.17,37
0.0197,11.46,6.35,26.4
0.021,14.63,9.87,26.2
0.0298,32.72,9.14,63.7
