EC,TP,Lat,SR,split,row_id
0.048494,34.668228,7.179169,91,test,1
0.014376,13.899522,1.220322,10,train,7
0.018277,17.792246,1.053317,17,train,11
0.036876,17.047976,8.059673,55,test,19
0.046465,19.095241,6.833321,67,train,20
0.044603,34.794322,7.066526,82,test,24
0.02916,33.51048,8.619051,63,test,31
0.010697,10.395579,1.574797,5,test,32
0.04172,23.989471,8.412933,74,train,36
0.041163,12.925293,7.540034,59,train,39
0.027143,31.740152,3.535114,43,train,51
0.043273,31.35652,7.606662,79,train,60
0.036813,32.579769,7.845952,71,test,63
0.035697,25.096275,5.326511,33,test,64
0.033008,33.472374,8.488853,71,train,70
0.049411,32.34963,4.251397,45,train,71
0.04757,34.713041,7.629867,91,train,76
0.010077,10.630934,2.022081,7,test,77
0.040217,25.007037,3.349258,30,train,84
0.020854,16.634253,5.414018,20,train,88
0.036355,25.381341,1.144974,31,train,102
0.044758,11.136313,1.208321,38,train,112
0.048859,13.08502,4.050946,34,train,118
0.045112,14.728478,3.648644,27,test,131
0.040595,33.059187,1.778012,46,train,132
0.010886,27.390616,7.834858,35,train,133
0.035946,11.388126,3.131316,25,train,136
0.032995,33.18388,4.46879,46,test,143
0.010485,28.73565,6.250798,37,train,146
0.042934,17.391364,1.075291,32,train,159
0.044774,16.953229,9.951032,80,train,172
0.01618,31.238355,1.942863,42,train,175
0.02466,34.792402,3.148893,50,train,177
0.032383,23.525072,8.520083,55,test,178
0.03662,34.621144,8.055276,75,train,179
0.049133,33.474911,8.41762,93,train,180
0.039135,21.320343,7.512485,56,test,181
0.042891,17.356668,9.399026,77,test,197
0.048576,33.538323,9.227408,93,train,199
0.017215,27.928014,4.859551,36,train,204
0.018619,18.919218,2.662425,20,train,206
0.039931,12.676429,3.683754,25,train,210
0.028943,22.145436,4.04674,24,test,218
0.015105,11.13123,1.250648,8,train,228
0.028862,10.379422,1.175703,27,train,230
0.047913,31.825485,9.772106,92,test,233
0.031729,24.014495,8.758937,58,train,237
0.019372,29.499708,7.493403,39,test,241
0.033157,12.46843,1.053354,30,train,242
0.037475,19.038535,8.626655,63,train,244
0.049263,32.392449,7.54394,91,test,248
0.041477,31.586643,8.17253,80,train,252
0.034796,15.576552,1.566034,26,train,253
0.01319,16.156104,2.030908,15,train,258
0.043481,20.588698,3.829465,21,train,259
0.013654,10.794462,3.395425,15,test,261
0.022739,27.219064,1.239423,34,train,272
0.038929,32.443589,6.057832,57,train,273
0.041669,11.910997,4.067947,25,test,275
0.049107,32.397105,8.064601,91,test,276
0.010007,23.932764,9.586845,28,train,280
0.039504,30.864774,8.232716,77,train,282
0.017103,32.822311,2.681027,46,train,284
0.0473,29.04709,4.5458,38,train,289
0.043718,16.893935,2.514078,27,train,291
0.033337,15.978564,6.780877,33,train,307
0.046578,32.481509,7.207315,85,train,319
0.040046,34.056536,8.66933,85,train,320
0.011287,32.681224,9.230119,45,train,330
0.034984,13.907093,1.811023,27,test,331
0.047454,16.558574,2.015723,35,test,338
0.011372,11.255361,8.853166,20,train,341
0.049023,11.07631,3.198103,38,train,348
0.044671,33.579371,6.706828,78,train,355
0.049729,12.690355,2.244388,40,train,357
0.04571,32.108879,9.348052,91,train,366
0.030481,27.417378,9.974532,86,train,370
0.015477,18.108645,3.63348,20,test,371
0.042848,31.429791,7.400166,77,test,374
0.04659,30.510671,3.660745,41,test,375
0.034341,25.483586,7.676494,53,train,379
0.019731,34.940571,8.422131,50,test,382
0.045095,14.778302,3.485068,28,test,383
0.045994,20.774598,4.28176,22,test,385
0.042736,17.612313,8.718944,73,test,386
0.030925,32.923551,7.466026,57,test,392
0.033132,13.262532,1.406043,28,test,394
0.046353,21.056307,7.349406,72,test,396
0.026645,30.124093,7.602596,44,test,401
0.014314,11.920186,1.372369,9,train,405
0.023921,33.706288,1.918674,47,train,408
0.048618,16.997316,2.078423,36,train,411
0.048325,12.329903,5.95552,66,train,435
0.049615,14.083416,4.579561,34,train,437
0.035741,17.938864,8.922232,64,train,439
0.044449,12.189782,9.037012,76,test,441
0.035009,28.188231,8.163218,64,train,452
0.037146,27.345139,8.139683,67,train,454
0.046601,17.4098,6.363532,62,train,458
0.04419,13.139139,1.566743,36,test,464
0.02921,30.683914,8.06055,53,test,466
0.031551,34.400817,3.793583,49,test,471
0.043122,31.877951,9.399793,90,train,478
0.036977,12.639789,3.49298,24,train,482
0.033917,26.302327,8.891583,68,train,517
0.044044,29.786589,8.876888,86,train,519
0.035783,17.195782,7.307362,44,train,523
0.029124,34.095579,4.378396,48,train,525
0.037237,32.239415,8.165674,74,train,528
0.04589,33.598207,1.033909,47,test,529
0.038009,10.033657,3.86337,25,test,532
0.016652,13.584884,3.222669,18,train,534
0.038215,10.459654,8.108972,59,train,535
0.045005,26.528517,3.622459,33,test,539
0.013354,10.696098,2.386555,11,train,552
0.023882,25.568307,6.626315,31,train,553
0.01519,30.138148,5.031777,40,train,562
0.047257,14.147526,8.493481,77,train,566
0.047046,19.06884,7.452777,73,train,568
0.036651,13.187142,8.264728,57,train,571
0.018522,31.289858,3.363151,43,train,575
0.024413,16.340889,3.863469,20,train,585
0.041164,33.107177,7.825678,79,test,588
0.033371,11.061748,9.788518,75,test,592
0.0334,13.184237,9.0394,61,test,596
0.039953,33.106357,8.342385,81,train,599
0.036689,21.516746,9.413191,74,train,600
0.049657,22.474278,8.568315,82,test,601
0.036303,32.280002,9.721339,89,train,607
0.0413,12.302469,6.669285,49,train,612
0.016174,32.36011,5.870454,45,train,614
0.020039,30.590161,1.796382,41,train,615
0.039539,32.469697,1.237453,45,test,616
0.021171,30.306453,3.327849,41,test,618
0.038538,34.720888,2.615502,49,train,621
0.010143,15.643193,7.890443,20,train,622
0.021902,30.743072,4.128398,41,train,627
0.027084,32.282955,5.437164,45,train,632
0.026899,24.807534,9.90267,74,test,639
0.048955,19.116767,1.668984,34,train,641
0.034538,30.102392,4.394008,40,train,647
0.011518,12.312511,2.239866,11,train,650
0.048741,15.65083,8.957866,79,train,658
0.043181,23.089089,4.446184,26,train,660
0.040606,11.667347,8.3999,67,train,669
0.028814,11.202308,3.66042,21,train,670
0.040776,16.794663,2.616479,25,test,674
0.03532,33.102693,6.077142,54,train,692
0.01972,30.830109,9.303608,42,train,694
0.041818,17.575438,1.51048,28,train,695
0.036326,33.266062,9.87803,92,test,698
0.043009,23.761794,8.911992,78,test,702
0.029886,30.394235,6.220346,44,test,707
0.047959,14.151313,6.703909,71,train,710
0.0439,11.527617,3.577295,30,test,711
0.034347,34.645133,8.573642,76,train,718
0.048014,14.940981,1.473779,38,train,728
0.03571,14.06345,8.507129,58,train,735
0.023844,19.091134,9.987384,20,train,742
0.021865,17.386698,3.45996,20,train,746
0.039338,31.969231,6.184728,58,test,752
0.047801,32.894706,2.212442,46,train,764
0.039388,32.638471,7.198908,70,train,796
0.03991,30.884313,7.038959,67,test,797
0.043436,11.702726,1.024311,38,train,803
0.031344,33.384454,5.529375,49,train,805
0.041868,10.364179,7.393822,59,train,808
0.038437,31.657311,8.48791,79,train,810
0.030379,20.378123,6.255008,26,train,812
0.039887,10.358273,2.887979,30,train,813
0.041589,30.490239,6.540508,64,train,816
0.035582,10.308526,1.354686,33,train,824
0.04121,31.370144,8.40266,82,train,830
0.023204,33.810383,2.968663,48,train,831
0.044451,14.854072,3.484775,27,train,834
0.04765,10.183354,3.287599,37,test,836
0.049685,23.832266,9.694899,84,test,838
0.027818,12.838516,9.810367,66,train,843
0.011725,30.558478,7.564835,41,train,846
0.032958,32.569095,9.675494,86,train,847
0.023431,21.35696,6.437041,23,train,852
0.048383,33.423197,6.422733,87,train,854
0.033685,34.600788,1.641907,49,train,855
0.029784,33.201294,5.058166,47,train,864
0.03598,18.278662,9.392888,71,test,870
0.049889,12.86884,7.389145,80,train,881
0.025154,34.040395,4.648636,48,train,897
0.010715,14.530639,2.379665,13,test,911
0.048514,10.276964,1.20344,40,test,923
0.045634,13.189254,5.207895,30,train,927
0.029549,11.082882,9.950732,77,train,945
0.038691,17.932637,6.427035,40,train,954
0.040585,32.79899,8.227506,81,train,955
0.028812,12.28272,8.496839,38,train,963
0.028352,17.96724,9.884511,72,train,964
0.049346,12.616899,3.861638,37,train,965
0.034001,19.041177,9.296103,66,train,971
0.026907,30.209872,2.062491,40,train,981
0.028471,14.115513,6.199622,23,train,986
0.046985,10.365225,1.185791,39,test,1000
